<?xml version="1.0" encoding="utf-8"?>
<Config>
  <IndexGroup id="211">
    <Index>均线</Index>
    <Description>平行</Description>
  </IndexGroup>
  <IndexGroup id="210">
    <Index>大单</Index>
    <Index>中单</Index>
    <Index>小单</Index>
    <Description>大单</Description>
  </IndexGroup>
  <IndexGroup id="208">
    <Index>行情开盘价</Index>
    <Index>行情最高价</Index>
    <Index>行情最低价</Index>
    <Index>行情收盘价</Index>
    <Index>行情最新价</Index>
    <Description>行情k线指标</Description>
  </IndexGroup>
  <IndexGroup id="207">
    <Index>macd</Index>
    <Description>即将下穿数值线</Description>
  </IndexGroup>
  <IndexGroup id="206">
    <Index>macd</Index>
    <Description>金叉上移</Description>
  </IndexGroup>
  <IndexGroup id="205">
    <Index>macd</Index>
    <Description>零上死叉</Description>
  </IndexGroup>
  <IndexGroup id="204">
    <Index>macd</Index>
    <Description>零上金叉</Description>
  </IndexGroup>
  <IndexGroup id="203">
    <Index>均线</Index>
    <Index>vol</Index>
    <Index>expma</Index>
    <Index>amv</Index>
    <Description>有效上穿</Description>
  </IndexGroup>
  <IndexGroup id="202">
    <Index>macd</Index>
    <Description>低位即将金叉</Description>
  </IndexGroup>
  <IndexGroup id="201">
    <Index>均线</Index>
    <Index>macd</Index>
    <Description>长期粘合</Description>
  </IndexGroup>
  <IndexGroup id="200">
    <Index>trix</Index>
    <Index>均线</Index>
    <Index>macd</Index>
    <Index>bias</Index>
    <Index>boll</Index>
    <Index>vol</Index>
    <Index>expma</Index>
    <Index>obv</Index>
    <Index>amv</Index>
    <Index>psy</Index>
    <Index>lwr2值</Index>
    <Index>lwr1值</Index>
    <Index>pbx2值</Index>
    <Index>pbx3值</Index>
    <Index>pbx4值</Index>
    <Index>pbx1值</Index>
    <Index>pbx6值</Index>
    <Index>pbx5值</Index>
    <Index>trix值</Index>
    <Index>trma值</Index>
    <Index>dea值</Index>
    <Index>diff值</Index>
    <Index>d值</Index>
    <Index>j值</Index>
    <Index>k值</Index>
    <Index>mamtm值</Index>
    <Index>mtm值</Index>
    <Index>mml值</Index>
    <Index>mms值</Index>
    <Index>mmm值</Index>
    <Index>cci值</Index>
    <Index>k值</Index>
    <Index>d值</Index>
    <Index>ddd值</Index>
    <Index>ama值</Index>
    <Index>rsi3值</Index>
    <Index>rsi1值</Index>
    <Index>rsi2值</Index>
    <Index>wr2值</Index>
    <Index>wr1值</Index>
    <Index>lower值</Index>
    <Index>upper值</Index>
    <Index>mid值</Index>
    <Index>di1值</Index>
    <Index>di2值</Index>
    <Index>adx值</Index>
    <Index>adxr值</Index>
    <Index>cr值</Index>
    <Index>ma1值</Index>
    <Index>ma2值</Index>
    <Index>ma3值</Index>
    <Index>vr值</Index>
    <Index>lc值</Index>
    <Index>obv值</Index>
    <Index>cys值</Index>
    <Index>mfi值</Index>
    <Index>asit值</Index>
    <Index>asi值</Index>
    <Index>adtm值</Index>
    <Index>maadtm值</Index>
    <Index>roc值</Index>
    <Index>rocma值</Index>
    <Index>bbi值</Index>
    <Index>ar值</Index>
    <Index>br值</Index>
    <Index>cd值</Index>
    <Index>lon值</Index>
    <Index>lonma值</Index>
    <Index>emv值</Index>
    <Index>maemv值</Index>
    <Index>dpo值</Index>
    <Index>madpo值</Index>
    <Index>psyma值</Index>
    <Index>psy值</Index>
    <Description>走平</Description>
  </IndexGroup>
  <IndexGroup id="199">
    <Index>boll</Index>
    <Description>中轨以下</Description>
  </IndexGroup>
  <IndexGroup id="197">
    <Index>kdj</Index>
    <Description>躺底上勾</Description>
  </IndexGroup>
  <IndexGroup id="196">
    <Index>macd</Index>
    <Index>kdj</Index>
    <Description>三次底背离</Description>
  </IndexGroup>
  <IndexGroup id="195">
    <Index>sar</Index>
    <Description>绿圈</Description>
  </IndexGroup>
  <IndexGroup id="193">
    <Index>macd</Index>
    <Description>绿柱放大</Description>
  </IndexGroup>
  <IndexGroup id="191">
    <Index>均线</Index>
    <Description>两次回踩index</Description>
  </IndexGroup>
  <IndexGroup id="190">
    <Index>boll</Index>
    <Description>上轨附近</Description>
  </IndexGroup>
  <IndexGroup id="189">
    <Index>rsi</Index>
    <Description>三线金叉</Description>
  </IndexGroup>
  <IndexGroup id="188">
    <Index>ene</Index>
    <Index>boll</Index>
    <Description>下轨附近</Description>
  </IndexGroup>
  <IndexGroup id="187">
    <Index>macd</Index>
    <Description>拒绝死叉</Description>
  </IndexGroup>
  <IndexGroup id="186">
    <Index>lwr</Index>
    <Index>macd</Index>
    <Index>kdj</Index>
    <Index>bias</Index>
    <Index>cci</Index>
    <Index>skdj</Index>
    <Index>rsi</Index>
    <Index>wr</Index>
    <Index>cr</Index>
    <Index>vr</Index>
    <Index>roc</Index>
    <Index>psy</Index>
    <Index>fsl</Index>
    <Description>顶背离</Description>
  </IndexGroup>
  <IndexGroup id="185">
    <Index>boll</Index>
    <Description>中轨以上</Description>
  </IndexGroup>
  <IndexGroup id="184">
    <Index>lwr</Index>
    <Index>均线</Index>
    <Index>macd</Index>
    <Index>kdj</Index>
    <Index>mtm</Index>
    <Index>bias</Index>
    <Index>skdj</Index>
    <Index>dma</Index>
    <Index>rsi</Index>
    <Index>dmi</Index>
    <Index>vol</Index>
    <Index>expma</Index>
    <Index>amv</Index>
    <Index>dpo</Index>
    <Description>二次金叉</Description>
  </IndexGroup>
  <IndexGroup id="182">
    <Index>macd</Index>
    <Description>红柱回升</Description>
  </IndexGroup>
  <IndexGroup id="181">
    <Index>lwr</Index>
    <Index>均线</Index>
    <Index>dmi</Index>
    <Index>cr</Index>
    <Index>行情收盘价</Index>
    <Index>行情开盘价</Index>
    <Index>行情成交量</Index>
    <Index>vol</Index>
    <Index>expma</Index>
    <Index>amv</Index>
    <Index>bbi</Index>
    <Index>cci</Index>
    <Description>上穿</Description>
  </IndexGroup>
  <IndexGroup id="180">
    <Index>渔家得利</Index>
    <Description>渔家出海</Description>
  </IndexGroup>
  <IndexGroup id="179">
    <Index>trix</Index>
    <Index>均线</Index>
    <Index>macd</Index>
    <Index>kdj</Index>
    <Index>skdj</Index>
    <Index>dma</Index>
    <Index>rsi</Index>
    <Index>dmi</Index>
    <Index>vol</Index>
    <Index>expma</Index>
    <Index>amv</Index>
    <Index>bbi</Index>
    <Description>即将金叉</Description>
  </IndexGroup>
  <IndexGroup id="178">
    <Index>均线</Index>
    <Index>vol</Index>
    <Index>expma</Index>
    <Index>amv</Index>
    <Description>有效下穿</Description>
  </IndexGroup>
  <IndexGroup id="177">
    <Index>boll</Index>
    <Description>中轨附近 </Description>
  </IndexGroup>
  <IndexGroup id="176">
    <Index>boll</Index>
    <Description>回踩上轨</Description>
  </IndexGroup>
  <IndexGroup id="175">
    <Index>kdj</Index>
    <Description>两次探底</Description>
  </IndexGroup>
  <IndexGroup id="174">
    <Index>均线</Index>
    <Description>走平即将粘合</Description>
  </IndexGroup>
  <IndexGroup id="173">
    <Index>macd</Index>
    <Index>kdj</Index>
    <Description>二次死叉</Description>
  </IndexGroup>
  <IndexGroup id="171">
    <Index>pbx</Index>
    <Index>trix</Index>
    <Index>均线</Index>
    <Index>macd</Index>
    <Index>kdj</Index>
    <Index>mtm</Index>
    <Index>bias</Index>
    <Index>zlmm</Index>
    <Index>skdj</Index>
    <Index>dma</Index>
    <Index>rsi</Index>
    <Index>wr</Index>
    <Index>dmi</Index>
    <Index>cr</Index>
    <Index>vol</Index>
    <Index>expma</Index>
    <Index>obv</Index>
    <Index>asi</Index>
    <Index>amv</Index>
    <Index>roc</Index>
    <Index>bbi</Index>
    <Index>qlcx</Index>
    <Index>emv</Index>
    <Index>dpo</Index>
    <Index>wvad</Index>
    <Index>短线窥测</Index>
    <Index>dbcd</Index>
    <Index>osc</Index>
    <Index>psy</Index>
    <Index>vpt</Index>
    <Index>fsl</Index>
    <Index>lwr</Index>
    <Description>金叉</Description>
  </IndexGroup>
  <IndexGroup id="170">
    <Index>boll</Index>
    <Index>ene</Index>
    <Description>突破中轨</Description>
  </IndexGroup>
  <IndexGroup id="169">
    <Index>macd</Index>
    <Description>红二波</Description>
  </IndexGroup>
  <IndexGroup id="168">
    <Index>macd</Index>
    <Description>红柱高于黄线</Description>
  </IndexGroup>
  <IndexGroup id="167">
    <Index>boll</Index>
    <Index>ene</Index>
    <Description>跌破中轨</Description>
  </IndexGroup>
  <IndexGroup id="166">
    <Index>fsl</Index>
    <Description>弱势</Description>
  </IndexGroup>
  <IndexGroup id="165">
    <Index>trix</Index>
    <Index>均线</Index>
    <Index>macd</Index>
    <Index>kdj</Index>
    <Index>skdj</Index>
    <Index>dma</Index>
    <Index>rsi</Index>
    <Index>bbi</Index>
    <Description>即将死叉</Description>
  </IndexGroup>
  <IndexGroup id="164">
    <Index>均线</Index>
    <Index>amv</Index>
    <Index>asi</Index>
    <Index>cci</Index>
    <Index>dma</Index>
    <Index>expma</Index>
    <Index>kdj</Index>
    <Index>obv</Index>
    <Index>rsi</Index>
    <Index>vol</Index>
    <Index>zbcd</Index>
    <Index>bias</Index>
    <Index>macd</Index>
    <Index>mtm</Index>
    <Description>指标创新低</Description>
  </IndexGroup>
  <IndexGroup id="163">
    <Index>macd</Index>
    <Index>rsi</Index>
    <Index>wvad</Index>
    <Index>diff值</Index>
    <Index>dea值</Index>
    <Index>j值</Index>
    <Index>kdj</Index>
    <Description>上穿0轴</Description>
  </IndexGroup>
  <IndexGroup id="162">
    <Index>macd</Index>
    <Description>0轴上首次死叉</Description>
  </IndexGroup>
  <IndexGroup id="161">
    <Index>均线</Index>
    <Description>短线出现转向</Description>
  </IndexGroup>
  <IndexGroup id="160">
    <Index>macd</Index>
    <Description>长期上移</Description>
  </IndexGroup>
  <IndexGroup id="158">
    <Index>macd</Index>
    <Description>白龙出水</Description>
  </IndexGroup>
  <IndexGroup id="157">
    <Index>rsi</Index>
    <Description>短期大于长期</Description>
  </IndexGroup>
  <IndexGroup id="155">
    <Index>均线</Index>
    <Description>走平后上移</Description>
  </IndexGroup>
  <IndexGroup id="154">
    <Index>均线</Index>
    <Index>macd</Index>
    <Index>kdj</Index>
    <Index>osc</Index>
    <Description>低位死叉</Description>
  </IndexGroup>
  <IndexGroup id="151">
    <Index>kdj</Index>
    <Description>高位二次死叉</Description>
  </IndexGroup>
  <IndexGroup id="148">
    <Index>macd</Index>
    <Index>kdj</Index>
    <Description>反转风洞</Description>
  </IndexGroup>
  <IndexGroup id="147">
    <Index>macd</Index>
    <Description>绿柱缩短</Description>
  </IndexGroup>
  <IndexGroup id="146">
    <Index>cci</Index>
    <Description>二次上穿100</Description>
  </IndexGroup>
  <IndexGroup id="145">
    <Index>boll</Index>
    <Description>喇叭口</Description>
  </IndexGroup>
  <IndexGroup id="144">
    <Index>macd</Index>
    <Description>零下金叉</Description>
  </IndexGroup>
  <IndexGroup id="143">
    <Index>trix</Index>
    <Index>均线</Index>
    <Index>macd</Index>
    <Index>kdj</Index>
    <Index>bias</Index>
    <Index>cci</Index>
    <Index>skdj</Index>
    <Index>dma</Index>
    <Index>rsi</Index>
    <Index>wr</Index>
    <Index>boll</Index>
    <Index>dmi</Index>
    <Index>cr</Index>
    <Index>vr</Index>
    <Index>行情收盘价</Index>
    <Index>行情成交量</Index>
    <Index>vol</Index>
    <Index>expma</Index>
    <Index>obv</Index>
    <Index>asi</Index>
    <Index>amv</Index>
    <Index>bbi</Index>
    <Index>arbr</Index>
    <Index>emv</Index>
    <Index>dpo</Index>
    <Index>ene</Index>
    <Index>wvad</Index>
    <Index>osc</Index>
    <Index>psy</Index>
    <Index>fsl</Index>
    <Index>lwr2值</Index>
    <Index>lwr1值</Index>
    <Index>dea值</Index>
    <Index>diff值</Index>
    <Index>d值</Index>
    <Index>j值</Index>
    <Index>k值</Index>
    <Index>cci值</Index>
    <Index>k值</Index>
    <Index>d值</Index>
    <Index>rsi3值</Index>
    <Index>rsi1值</Index>
    <Index>rsi2值</Index>
    <Index>wr2值</Index>
    <Index>wr1值</Index>
    <Index>cr值</Index>
    <Index>ma1值</Index>
    <Index>ma2值</Index>
    <Index>ma3值</Index>
    <Index>mfi值</Index>
    <Index>adtm值</Index>
    <Index>maadtm值</Index>
    <Index>ar值</Index>
    <Index>br值</Index>
    <Index>psyma值</Index>
    <Index>psy值</Index>
    <Description>低位</Description>
  </IndexGroup>
  <IndexGroup id="141">
    <Index>kdj</Index>
    <Description>中位死叉</Description>
  </IndexGroup>
  <IndexGroup id="140">
    <Index>fsl</Index>
    <Description>强势</Description>
  </IndexGroup>
  <IndexGroup id="139">
    <Index>kdj</Index>
    <Index>cci</Index>
    <Index>rsi</Index>
    <Index>vr</Index>
    <Description>顶部钝化</Description>
  </IndexGroup>
  <IndexGroup id="138">
    <Index>vol</Index>
    <Description>均匀放量</Description>
  </IndexGroup>
  <IndexGroup id="137">
    <Index>wr</Index>
    <Description>低位粘合</Description>
  </IndexGroup>
  <IndexGroup id="136">
    <Index>均线</Index>
    <Index>行情收盘价</Index>
    <Index>vol</Index>
    <Index>expma</Index>
    <Index>amv</Index>
    <Index>lwr</Index>
    <Description>下破</Description>
  </IndexGroup>
  <IndexGroup id="135">
    <Index>macd</Index>
    <Description>收窄</Description>
  </IndexGroup>
  <IndexGroup id="134">
    <Index>kdj</Index>
    <Index>bias</Index>
    <Index>cci</Index>
    <Index>skdj</Index>
    <Index>rsi</Index>
    <Index>wr</Index>
    <Index>roc</Index>
    <Index>psy</Index>
    <Description>超买</Description>
  </IndexGroup>
  <IndexGroup id="133">
    <Index>macd</Index>
    <Description>零下死叉</Description>
  </IndexGroup>
  <IndexGroup id="132">
    <Index>pbx</Index>
    <Index>均线</Index>
    <Index>macd</Index>
    <Index>kdj</Index>
    <Index>dma</Index>
    <Index>rsi</Index>
    <Index>dmi</Index>
    <Index>cr</Index>
    <Index>expma</Index>
    <Index>obv</Index>
    <Index>amo</Index>
    <Index>amv</Index>
    <Index>vol</Index>
    <Index>fsl</Index>
    <Description>多头排列</Description>
  </IndexGroup>
  <IndexGroup id="131">
    <Index>vol</Index>
    <Description>一直走平</Description>
  </IndexGroup>
  <IndexGroup id="130">
    <Index>均线</Index>
    <Index>amv</Index>
    <Index>asi</Index>
    <Index>cci</Index>
    <Index>expma</Index>
    <Index>kdj</Index>
    <Index>mtm</Index>
    <Index>obv</Index>
    <Index>rsi</Index>
    <Index>vol</Index>
    <Index>vr</Index>
    <Index>wr</Index>
    <Index>zbcd</Index>
    <Index>bias</Index>
    <Index>macd</Index>
    <Description>指标创新高</Description>
  </IndexGroup>
  <IndexGroup id="129">
    <Index>trix</Index>
    <Index>均线</Index>
    <Index>macd</Index>
    <Index>kdj</Index>
    <Index>mtm</Index>
    <Index>dma</Index>
    <Index>vol</Index>
    <Index>expma</Index>
    <Index>obv</Index>
    <Index>asi</Index>
    <Index>amv</Index>
    <Index>bbi</Index>
    <Index>dpo</Index>
    <Index>osc</Index>
    <Description>高位死叉</Description>
  </IndexGroup>
  <IndexGroup id="128">
    <Index>lwr</Index>
    <Index>trix</Index>
    <Index>macd</Index>
    <Index>kdj</Index>
    <Index>mtm</Index>
    <Index>bias</Index>
    <Index>cci</Index>
    <Index>skdj</Index>
    <Index>dma</Index>
    <Index>rsi</Index>
    <Index>wr</Index>
    <Index>boll</Index>
    <Index>dmi</Index>
    <Index>cr</Index>
    <Index>vr</Index>
    <Index>cys</Index>
    <Index>asi</Index>
    <Index>adtm</Index>
    <Index>roc</Index>
    <Index>bbi</Index>
    <Index>arbr</Index>
    <Index>emv</Index>
    <Index>dpo</Index>
    <Index>新手炒股</Index>
    <Index>均线出牛股</Index>
    <Index>ene</Index>
    <Index>wvad</Index>
    <Index>osc</Index>
    <Index>渔家得利</Index>
    <Index>psy</Index>
    <Index>sar</Index>
    <Index>fsl</Index>
    <Description>买入信号</Description>
  </IndexGroup>
  <IndexGroup id="127">
    <Index>lwr</Index>
    <Index>trix</Index>
    <Index>均线</Index>
    <Index>macd</Index>
    <Index>kdj</Index>
    <Index>mtm</Index>
    <Index>bias</Index>
    <Index>cci</Index>
    <Index>skdj</Index>
    <Index>dma</Index>
    <Index>rsi</Index>
    <Index>wr</Index>
    <Index>boll</Index>
    <Index>dmi</Index>
    <Index>cr</Index>
    <Index>vr</Index>
    <Index>obv</Index>
    <Index>mfi</Index>
    <Index>roc</Index>
    <Index>dpo</Index>
    <Index>psy</Index>
    <Index>fsl</Index>
    <Description>底背离</Description>
  </IndexGroup>
  <IndexGroup id="125">
    <Index>boll</Index>
    <Index>ene</Index>
    <Description>下轨以下</Description>
  </IndexGroup>
  <IndexGroup id="124">
    <Index>lwr</Index>
    <Index>pbx</Index>
    <Index>trix</Index>
    <Index>macd</Index>
    <Index>kdj</Index>
    <Index>mtm</Index>
    <Index>bias</Index>
    <Index>cci</Index>
    <Index>skdj</Index>
    <Index>dma</Index>
    <Index>rsi</Index>
    <Index>wr</Index>
    <Index>boll</Index>
    <Index>dmi</Index>
    <Index>vr</Index>
    <Index>cys</Index>
    <Index>asi</Index>
    <Index>adtm</Index>
    <Index>roc</Index>
    <Index>bbi</Index>
    <Index>arbr</Index>
    <Index>emv</Index>
    <Index>dpo</Index>
    <Index>新手炒股</Index>
    <Index>均线出牛股</Index>
    <Index>ene</Index>
    <Index>wvad</Index>
    <Index>osc</Index>
    <Index>渔家得利</Index>
    <Index>psy</Index>
    <Index>sar</Index>
    <Index>fsl</Index>
    <Description>卖出信号</Description>
  </IndexGroup>
  <IndexGroup id="123">
    <Index>boll</Index>
    <Description>下轨以上</Description>
  </IndexGroup>
  <IndexGroup id="122">
    <Index>macd</Index>
    <Index>kdj</Index>
    <Index>rsi</Index>
    <Description>底部钝化</Description>
  </IndexGroup>
  <IndexGroup id="121">
    <Index>macd</Index>
    <Description>最有价值信号</Description>
  </IndexGroup>
  <IndexGroup id="120">
    <Index>薛斯通道</Index>
    <Description>上穿下轨</Description>
  </IndexGroup>
  <IndexGroup id="119">
    <Index>sar</Index>
    <Description>翻绿</Description>
  </IndexGroup>
  <IndexGroup id="118">
    <Index>macd</Index>
    <Description>小绿柱</Description>
  </IndexGroup>
  <IndexGroup id="117">
    <Index>boll</Index>
    <Index>ene</Index>
    <Description>跌破上轨</Description>
  </IndexGroup>
  <IndexGroup id="116">
    <Index>均线</Index>
    <Description>支撑</Description>
  </IndexGroup>
  <IndexGroup id="113">
    <Index>均线</Index>
    <Description>均线发散</Description>
  </IndexGroup>
  <IndexGroup id="112">
    <Index>均线</Index>
    <Description>回踩不破index</Description>
  </IndexGroup>
  <IndexGroup id="111">
    <Index>kdj</Index>
    <Description>超卖反转</Description>
  </IndexGroup>
  <IndexGroup id="110">
    <Index>macd</Index>
    <Description>向上发散</Description>
  </IndexGroup>
  <IndexGroup id="109">
    <Index>di1值</Index>
    <Description>垂直上移</Description>
  </IndexGroup>
  <IndexGroup id="108">
    <Index>trix</Index>
    <Index>均线</Index>
    <Index>macd</Index>
    <Index>kdj</Index>
    <Index>mtm</Index>
    <Index>bias</Index>
    <Index>zlmm</Index>
    <Index>skdj</Index>
    <Index>dma</Index>
    <Index>rsi</Index>
    <Index>wr</Index>
    <Index>dmi</Index>
    <Index>vol</Index>
    <Index>expma</Index>
    <Index>obv</Index>
    <Index>asi</Index>
    <Index>amv</Index>
    <Index>roc</Index>
    <Index>bbi</Index>
    <Index>qlcx</Index>
    <Index>emv</Index>
    <Index>dpo</Index>
    <Index>wvad</Index>
    <Index>短线窥测</Index>
    <Index>osc</Index>
    <Index>vpt</Index>
    <Index>psy</Index>
    <Index>fsl</Index>
    <Index>lwr</Index>
    <Description>死叉</Description>
  </IndexGroup>
  <IndexGroup id="107">
    <Index>均线</Index>
    <Index>行情最新价</Index>
    <Description>回踩</Description>
  </IndexGroup>
  <IndexGroup id="105">
    <Index>均线</Index>
    <Description>将死不死</Description>
  </IndexGroup>
  <IndexGroup id="102">
    <Index>均线</Index>
    <Description>反抽</Description>
  </IndexGroup>
  <IndexGroup id="101">
    <Index>macd</Index>
    <Description>卷土重来</Description>
  </IndexGroup>
  <IndexGroup id="100">
    <Index>boll</Index>
    <Index>ene</Index>
    <Index>薛斯通道</Index>
    <Description>突破上轨</Description>
  </IndexGroup>
  <IndexGroup id="98">
    <Index>均线</Index>
    <Index>kdj</Index>
    <Index>vol</Index>
    <Index>expma</Index>
    <Index>amv</Index>
    <Description>有效金叉</Description>
  </IndexGroup>
  <IndexGroup id="97">
    <Index>boll</Index>
    <Description>开口张开</Description>
  </IndexGroup>
  <IndexGroup id="96">
    <Index>macd</Index>
    <Description>绿柱首次缩短</Description>
  </IndexGroup>
  <IndexGroup id="95">
    <Index>trix</Index>
    <Index>均线</Index>
    <Index>macd</Index>
    <Index>kdj</Index>
    <Index>mtm</Index>
    <Index>bias</Index>
    <Index>cci</Index>
    <Index>skdj</Index>
    <Index>dma</Index>
    <Index>rsi</Index>
    <Index>wr</Index>
    <Index>boll</Index>
    <Index>dmi</Index>
    <Index>vr</Index>
    <Index>行情收盘价</Index>
    <Index>vol</Index>
    <Index>expma</Index>
    <Index>obv</Index>
    <Index>mfi</Index>
    <Index>asi</Index>
    <Index>amv</Index>
    <Index>roc</Index>
    <Index>bbi</Index>
    <Index>arbr</Index>
    <Index>dpo</Index>
    <Index>crsi</Index>
    <Index>wvad</Index>
    <Index>osc</Index>
    <Index>均笔成交</Index>
    <Index>vpt</Index>
    <Index>psy</Index>
    <Index>sar</Index>
    <Index>fsl</Index>
    <Index>lwr2值</Index>
    <Index>lwr1值</Index>
    <Index>pbx2值</Index>
    <Index>pbx3值</Index>
    <Index>pbx4值</Index>
    <Index>pbx1值</Index>
    <Index>pbx6值</Index>
    <Index>pbx5值</Index>
    <Index>trix值</Index>
    <Index>trma值</Index>
    <Index>dea值</Index>
    <Index>diff值</Index>
    <Index>d值</Index>
    <Index>j值</Index>
    <Index>k值</Index>
    <Index>mamtm值</Index>
    <Index>mtm值</Index>
    <Index>mml值</Index>
    <Index>mms值</Index>
    <Index>mmm值</Index>
    <Index>cci值</Index>
    <Index>k值</Index>
    <Index>d值</Index>
    <Index>ddd值</Index>
    <Index>ama值</Index>
    <Index>rsi3值</Index>
    <Index>rsi1值</Index>
    <Index>rsi2值</Index>
    <Index>wr2值</Index>
    <Index>wr1值</Index>
    <Index>lower值</Index>
    <Index>upper值</Index>
    <Index>mid值</Index>
    <Index>di1值</Index>
    <Index>di2值</Index>
    <Index>adx值</Index>
    <Index>adxr值</Index>
    <Index>cr值</Index>
    <Index>ma1值</Index>
    <Index>ma2值</Index>
    <Index>ma3值</Index>
    <Index>vr值</Index>
    <Index>lc值</Index>
    <Index>obv值</Index>
    <Index>cys值</Index>
    <Index>mfi值</Index>
    <Index>asit值</Index>
    <Index>asi值</Index>
    <Index>adtm值</Index>
    <Index>maadtm值</Index>
    <Index>roc值</Index>
    <Index>rocma值</Index>
    <Index>bbi值</Index>
    <Index>ar值</Index>
    <Index>br值</Index>
    <Index>cd值</Index>
    <Index>lon值</Index>
    <Index>lonma值</Index>
    <Index>emv值</Index>
    <Index>maemv值</Index>
    <Index>dpo值</Index>
    <Index>madpo值</Index>
    <Index>psyma值</Index>
    <Index>psy值</Index>
    <Description>上移</Description>
  </IndexGroup>
  <IndexGroup id="94">
    <Index>kdj</Index>
    <Index>rsi</Index>
    <Description>中位金叉</Description>
  </IndexGroup>
  <IndexGroup id="93">
    <Index>j值</Index>
    <Description>中线超跌</Description>
  </IndexGroup>
  <IndexGroup id="92">
    <Index>行情收盘价</Index>
    <Description>中位</Description>
  </IndexGroup>
  <IndexGroup id="91">
    <Index>boll</Index>
    <Index>ene</Index>
    <Description>跌破下轨</Description>
  </IndexGroup>
  <IndexGroup id="90">
    <Index>均线</Index>
    <Index>macd</Index>
    <Index>kdj</Index>
    <Index>rsi</Index>
    <Index>fsl</Index>
    <Description>空头排列</Description>
  </IndexGroup>
  <IndexGroup id="89">
    <Index>macd</Index>
    <Index>diff值</Index>
    <Index>dea值</Index>
    <Description>下穿0轴</Description>
  </IndexGroup>
  <IndexGroup id="86">
    <Index>trix</Index>
    <Index>均线</Index>
    <Index>macd</Index>
    <Index>kdj</Index>
    <Index>bias</Index>
    <Index>cci</Index>
    <Index>skdj</Index>
    <Index>dma</Index>
    <Index>rsi</Index>
    <Index>wr</Index>
    <Index>cr</Index>
    <Index>行情收盘价</Index>
    <Index>vol</Index>
    <Index>expma</Index>
    <Index>obv</Index>
    <Index>asi</Index>
    <Index>amv</Index>
    <Index>bbi</Index>
    <Index>arbr</Index>
    <Index>dpo</Index>
    <Index>wvad</Index>
    <Index>osc</Index>
    <Index>渔家得利</Index>
    <Index>psy</Index>
    <Index>fsl</Index>
    <Index>lwr2值</Index>
    <Index>lwr1值</Index>
    <Index>dea值</Index>
    <Index>diff值</Index>
    <Index>d值</Index>
    <Index>j值</Index>
    <Index>k值</Index>
    <Index>cci值</Index>
    <Index>k值</Index>
    <Index>d值</Index>
    <Index>rsi3值</Index>
    <Index>rsi1值</Index>
    <Index>rsi2值</Index>
    <Index>wr2值</Index>
    <Index>wr1值</Index>
    <Index>cr值</Index>
    <Index>ma1值</Index>
    <Index>ma2值</Index>
    <Index>ma3值</Index>
    <Index>mfi值</Index>
    <Index>adtm值</Index>
    <Index>maadtm值</Index>
    <Index>ar值</Index>
    <Index>br值</Index>
    <Index>psyma值</Index>
    <Index>psy值</Index>
    <Description>高位</Description>
  </IndexGroup>
  <IndexGroup id="84">
    <Index>boll</Index>
    <Description>回踩中轨</Description>
  </IndexGroup>
  <IndexGroup id="83">
    <Index>sar</Index>
    <Description>红圈</Description>
  </IndexGroup>
  <IndexGroup id="82">
    <Index>trix</Index>
    <Index>均线</Index>
    <Index>macd</Index>
    <Index>kdj</Index>
    <Index>mtm</Index>
    <Index>bias</Index>
    <Index>skdj</Index>
    <Index>dma</Index>
    <Index>rsi</Index>
    <Index>dmi</Index>
    <Index>cr</Index>
    <Index>vol</Index>
    <Index>expma</Index>
    <Index>obv</Index>
    <Index>asi</Index>
    <Index>amv</Index>
    <Index>roc</Index>
    <Index>bbi</Index>
    <Index>qlcx</Index>
    <Index>emv</Index>
    <Index>dpo</Index>
    <Index>osc</Index>
    <Description>低位金叉</Description>
  </IndexGroup>
  <IndexGroup id="81">
    <Index>均线</Index>
    <Description>阻力</Description>
  </IndexGroup>
  <IndexGroup id="80">
    <Index>均线</Index>
    <Index>dma</Index>
    <Description>上下震荡</Description>
  </IndexGroup>
  <IndexGroup id="79">
    <Index>macd</Index>
    <Description>红柱缩短</Description>
  </IndexGroup>
  <IndexGroup id="78">
    <Index>lwr</Index>
    <Index>kdj</Index>
    <Index>roc</Index>
    <Index>osc</Index>
    <Description>高位金叉</Description>
  </IndexGroup>
  <IndexGroup id="77">
    <Index>lwr</Index>
    <Index>均线</Index>
    <Index>macd</Index>
    <Index>kdj</Index>
    <Index>bias</Index>
    <Index>cci</Index>
    <Index>rsi</Index>
    <Index>boll</Index>
    <Index>vol</Index>
    <Index>expma</Index>
    <Index>obv</Index>
    <Index>amv</Index>
    <Index>arbr</Index>
    <Index>wvad</Index>
    <Index>osc</Index>
    <Index>psy</Index>
    <Index>fsl</Index>
    <Index>lwr2值</Index>
    <Index>lwr1值</Index>
    <Index>pbx2值</Index>
    <Index>pbx3值</Index>
    <Index>pbx4值</Index>
    <Index>pbx1值</Index>
    <Index>pbx6值</Index>
    <Index>pbx5值</Index>
    <Index>trix值</Index>
    <Index>trma值</Index>
    <Index>dea值</Index>
    <Index>diff值</Index>
    <Index>d值</Index>
    <Index>j值</Index>
    <Index>k值</Index>
    <Index>mamtm值</Index>
    <Index>mtm值</Index>
    <Index>mml值</Index>
    <Index>mms值</Index>
    <Index>mmm值</Index>
    <Index>cci值</Index>
    <Index>k值</Index>
    <Index>d值</Index>
    <Index>ddd值</Index>
    <Index>ama值</Index>
    <Index>rsi3值</Index>
    <Index>rsi1值</Index>
    <Index>rsi2值</Index>
    <Index>wr2值</Index>
    <Index>wr1值</Index>
    <Index>lower值</Index>
    <Index>upper值</Index>
    <Index>mid值</Index>
    <Index>di1值</Index>
    <Index>di2值</Index>
    <Index>adx值</Index>
    <Index>adxr值</Index>
    <Index>cr值</Index>
    <Index>ma1值</Index>
    <Index>ma2值</Index>
    <Index>ma3值</Index>
    <Index>vr值</Index>
    <Index>lc值</Index>
    <Index>obv值</Index>
    <Index>cys值</Index>
    <Index>mfi值</Index>
    <Index>asit值</Index>
    <Index>asi值</Index>
    <Index>adtm值</Index>
    <Index>maadtm值</Index>
    <Index>roc值</Index>
    <Index>rocma值</Index>
    <Index>bbi值</Index>
    <Index>ar值</Index>
    <Index>br值</Index>
    <Index>cd值</Index>
    <Index>lon值</Index>
    <Index>lonma值</Index>
    <Index>emv值</Index>
    <Index>maemv值</Index>
    <Index>dpo值</Index>
    <Index>madpo值</Index>
    <Index>maosc值</Index>
    <Index>osc值</Index>
    <Index>psyma值</Index>
    <Index>psy值</Index>
    <Description>拐头向下</Description>
  </IndexGroup>
  <IndexGroup id="76">
    <Index>trix</Index>
    <Index>均线</Index>
    <Index>macd</Index>
    <Index>kdj</Index>
    <Index>mtm</Index>
    <Index>bias</Index>
    <Index>cci</Index>
    <Index>skdj</Index>
    <Index>dma</Index>
    <Index>rsi</Index>
    <Index>wr</Index>
    <Index>boll</Index>
    <Index>vr</Index>
    <Index>vol</Index>
    <Index>expma</Index>
    <Index>asi</Index>
    <Index>amv</Index>
    <Index>bbi</Index>
    <Index>arbr</Index>
    <Index>dpo</Index>
    <Index>wvad</Index>
    <Index>osc</Index>
    <Index>均笔成交</Index>
    <Index>vpt</Index>
    <Index>psy</Index>
    <Index>sar</Index>
    <Index>fsl</Index>
    <Index>lwr2值</Index>
    <Index>lwr1值</Index>
    <Index>pbx2值</Index>
    <Index>pbx3值</Index>
    <Index>pbx4值</Index>
    <Index>pbx1值</Index>
    <Index>pbx6值</Index>
    <Index>pbx5值</Index>
    <Index>trix值</Index>
    <Index>trma值</Index>
    <Index>dea值</Index>
    <Index>diff值</Index>
    <Index>d值</Index>
    <Index>j值</Index>
    <Index>k值</Index>
    <Index>mamtm值</Index>
    <Index>mtm值</Index>
    <Index>mml值</Index>
    <Index>mms值</Index>
    <Index>mmm值</Index>
    <Index>cci值</Index>
    <Index>k值</Index>
    <Index>d值</Index>
    <Index>ddd值</Index>
    <Index>ama值</Index>
    <Index>rsi3值</Index>
    <Index>rsi1值</Index>
    <Index>rsi2值</Index>
    <Index>wr2值</Index>
    <Index>wr1值</Index>
    <Index>lower值</Index>
    <Index>upper值</Index>
    <Index>mid值</Index>
    <Index>di1值</Index>
    <Index>di2值</Index>
    <Index>adx值</Index>
    <Index>adxr值</Index>
    <Index>cr值</Index>
    <Index>ma1值</Index>
    <Index>ma2值</Index>
    <Index>ma3值</Index>
    <Index>vr值</Index>
    <Index>lc值</Index>
    <Index>obv值</Index>
    <Index>cys值</Index>
    <Index>mfi值</Index>
    <Index>asit值</Index>
    <Index>asi值</Index>
    <Index>adtm值</Index>
    <Index>maadtm值</Index>
    <Index>roc值</Index>
    <Index>rocma值</Index>
    <Index>bbi值</Index>
    <Index>ar值</Index>
    <Index>br值</Index>
    <Index>cd值</Index>
    <Index>lon值</Index>
    <Index>lonma值</Index>
    <Index>emv值</Index>
    <Index>maemv值</Index>
    <Index>dpo值</Index>
    <Index>madpo值</Index>
    <Index>psyma值</Index>
    <Index>psy值</Index>
    <Index>obv</Index>
    <Description>下移</Description>
  </IndexGroup>
  <IndexGroup id="75">
    <Index>boll</Index>
    <Index>ene</Index>
    <Index>薛斯通道</Index>
    <Description>突破下轨</Description>
  </IndexGroup>
  <IndexGroup id="74">
    <Index>cci</Index>
    <Description>二次上穿-100</Description>
  </IndexGroup>
  <IndexGroup id="73">
    <Index>trix</Index>
    <Index>均线</Index>
    <Index>macd</Index>
    <Index>kdj</Index>
    <Index>bias</Index>
    <Index>cci</Index>
    <Index>rsi</Index>
    <Index>boll</Index>
    <Index>vol</Index>
    <Index>expma</Index>
    <Index>obv</Index>
    <Index>amv</Index>
    <Index>roc</Index>
    <Index>arbr</Index>
    <Index>dpo</Index>
    <Index>wvad</Index>
    <Index>osc</Index>
    <Index>psy</Index>
    <Index>fsl</Index>
    <Index>lwr2值</Index>
    <Index>lwr1值</Index>
    <Index>pbx2值</Index>
    <Index>pbx3值</Index>
    <Index>pbx4值</Index>
    <Index>pbx1值</Index>
    <Index>pbx6值</Index>
    <Index>pbx5值</Index>
    <Index>trix值</Index>
    <Index>trma值</Index>
    <Index>dea值</Index>
    <Index>diff值</Index>
    <Index>d值</Index>
    <Index>j值</Index>
    <Index>k值</Index>
    <Index>mamtm值</Index>
    <Index>mtm值</Index>
    <Index>bias3值</Index>
    <Index>mml值</Index>
    <Index>mms值</Index>
    <Index>mmm值</Index>
    <Index>cci值</Index>
    <Index>k值</Index>
    <Index>d值</Index>
    <Index>ddd值</Index>
    <Index>ama值</Index>
    <Index>rsi3值</Index>
    <Index>rsi1值</Index>
    <Index>rsi2值</Index>
    <Index>wr2值</Index>
    <Index>wr1值</Index>
    <Index>lower值</Index>
    <Index>upper值</Index>
    <Index>mid值</Index>
    <Index>di1值</Index>
    <Index>di2值</Index>
    <Index>adx值</Index>
    <Index>adxr值</Index>
    <Index>cr值</Index>
    <Index>ma1值</Index>
    <Index>ma2值</Index>
    <Index>ma3值</Index>
    <Index>vr值</Index>
    <Index>lc值</Index>
    <Index>obv值</Index>
    <Index>cys值</Index>
    <Index>mfi值</Index>
    <Index>asit值</Index>
    <Index>asi值</Index>
    <Index>adtm值</Index>
    <Index>maadtm值</Index>
    <Index>roc值</Index>
    <Index>rocma值</Index>
    <Index>bbi值</Index>
    <Index>ar值</Index>
    <Index>br值</Index>
    <Index>cd值</Index>
    <Index>lon值</Index>
    <Index>lonma值</Index>
    <Index>emv值</Index>
    <Index>maemv值</Index>
    <Index>dpo值</Index>
    <Index>madpo值</Index>
    <Index>maosc值</Index>
    <Index>osc值</Index>
    <Index>psyma值</Index>
    <Index>psy值</Index>
    <Description>拐头向上</Description>
  </IndexGroup>
  <IndexGroup id="72">
    <Index>均线</Index>
    <Description>中线买入</Description>
  </IndexGroup>
  <IndexGroup id="71">
    <Index>boll</Index>
    <Description>二次突破中轨</Description>
  </IndexGroup>
  <IndexGroup id="70">
    <Index>均线</Index>
    <Index>macd</Index>
    <Index>kdj</Index>
    <Index>mtm</Index>
    <Index>rsi</Index>
    <Description>三次金叉</Description>
  </IndexGroup>
  <IndexGroup id="69">
    <Index>macd</Index>
    <Description>出现第二个红柱</Description>
  </IndexGroup>
  <IndexGroup id="68">
    <Index>boll</Index>
    <Description>二次跌破下轨</Description>
  </IndexGroup>
  <IndexGroup id="67">
    <Index>boll</Index>
    <Description>开口缩小</Description>
  </IndexGroup>
  <IndexGroup id="66">
    <Index>boll</Index>
    <Description>上轨以下</Description>
  </IndexGroup>
  <IndexGroup id="65">
    <Index>boll</Index>
    <Description>回踩下轨</Description>
  </IndexGroup>
  <IndexGroup id="64">
    <Index>boll</Index>
    <Description>上轨以上</Description>
  </IndexGroup>
  <IndexGroup id="63">
    <Index>macd</Index>
    <Index>bias</Index>
    <Index>vol</Index>
    <Description>向上粘合</Description>
  </IndexGroup>
  <IndexGroup id="62">
    <Index>macd</Index>
    <Index>kdj</Index>
    <Index>mtm</Index>
    <Index>rsi</Index>
    <Index>obv</Index>
    <Index>bbi</Index>
    <Description>低位二次金叉</Description>
  </IndexGroup>
  <IndexGroup id="60">
    <Index>dmi</Index>
    <Description>多头金叉</Description>
  </IndexGroup>
  <IndexGroup id="59">
    <Index>sar</Index>
    <Description>翻红</Description>
  </IndexGroup>
  <IndexGroup id="58">
    <Index>均线</Index>
    <Description>两次上穿</Description>
  </IndexGroup>
  <IndexGroup id="57">
    <Index>boll</Index>
    <Description>中轨支撑</Description>
  </IndexGroup>
  <IndexGroup id="56">
    <Index>均线</Index>
    <Description>即将拐头向上</Description>
  </IndexGroup>
  <IndexGroup id="55">
    <Index>macd</Index>
    <Index>kdj</Index>
    <Index>cci</Index>
    <Index>rsi</Index>
    <Description>二次底背离</Description>
  </IndexGroup>
  <IndexGroup id="53">
    <Index>boll</Index>
    <Description>中轨拐头向上</Description>
  </IndexGroup>
  <IndexGroup id="52">
    <Index>macd</Index>
    <Description>红柱放大</Description>
  </IndexGroup>
  <IndexGroup id="51">
    <Index>均线</Index>
    <Index>vol</Index>
    <Index>expma</Index>
    <Description>即将上穿</Description>
  </IndexGroup>
  <IndexGroup id="50">
    <Index>pbx</Index>
    <Index>均线</Index>
    <Index>macd</Index>
    <Index>kdj</Index>
    <Index>wr</Index>
    <Index>vol</Index>
    <Index>arbr</Index>
    <Index>dpo</Index>
    <Description>粘合</Description>
  </IndexGroup>
  <IndexGroup id="49">
    <Index>boll</Index>
    <Description>极限宽</Description>
  </IndexGroup>
  <IndexGroup id="48">
    <Index>kdj</Index>
    <Description>短线超买</Description>
  </IndexGroup>
  <IndexGroup id="47">
    <Index>rsi</Index>
    <Description>二次顶背离</Description>
  </IndexGroup>
  <IndexGroup id="46">
    <Index>kdj</Index>
    <Index>bias</Index>
    <Index>cci</Index>
    <Index>skdj</Index>
    <Index>rsi</Index>
    <Index>wr</Index>
    <Index>roc</Index>
    <Index>psy</Index>
    <Description>超卖</Description>
  </IndexGroup>
  <IndexGroup id="45">
    <Index>均线</Index>
    <Description>平行</Description>
  </IndexGroup>
  <IndexGroup id="43">
    <Index>大股东</Index>
    <Index>股东</Index>
    <Index>大股东名称</Index>
    <Description>大股东</Description>
  </IndexGroup>
  <IndexGroup id="42">
    <Index>高管</Index>
    <Index>总经理</Index>
    <Index>财务总监</Index>
    <Index>董事</Index>
    <Index>独立董事</Index>
    <Index>董事会秘书</Index>
    <Index>监事长</Index>
    <Index>监事</Index>
    <Index>副总经理</Index>
    <Index>证券事务代表</Index>
    <Index>职工代表监事</Index>
    <Index>职工监事</Index>
    <Index>董事长</Index>
    <Description>高管</Description>
  </IndexGroup>
  <IndexGroup id="40">
    <Index>涨跌停</Index>
    <Index>区间涨跌停</Index>
    <Description>值为是否的指标</Description>
  </IndexGroup>
  <IndexGroup id="38">
    <Index>长上影线</Index>
    <Index>上影线</Index>
    <Index>长下影线</Index>
    <Index>下影线</Index>
    <Index>阳线</Index>
    <Index>阴线</Index>
    <Description>k线形态指标</Description>
  </IndexGroup>
  <IndexGroup id="37">
    <Index>货币资金</Index>
    <Description>货币资金</Description>
  </IndexGroup>
  <IndexGroup id="36">
    <Index>逐笔成交量合计</Index>
    <Index>逐笔成交额合计</Index>
    <Index>逐笔买单量合计</Index>
    <Index>逐笔买单额合计</Index>
    <Index>逐笔卖单量合计</Index>
    <Index>逐笔卖单额合计</Index>
    <Index>逐笔主动买单量合计</Index>
    <Index>逐笔主动买单额合计</Index>
    <Index>逐笔主动卖单量合计</Index>
    <Index>逐笔主动卖单额合计</Index>
    <Index>逐笔被动买单量合计</Index>
    <Index>逐笔被动买单额合计</Index>
    <Index>逐笔被动卖单量合计</Index>
    <Index>逐笔被动卖单额合计</Index>
    <Description>逐笔成交量合计</Description>
  </IndexGroup>
  <IndexGroup id="34">
    <Index>逐笔成交量</Index>
    <Index>逐笔成交量合计</Index>
    <Description>逐笔成交量</Description>
  </IndexGroup>
  <IndexGroup id="33">
    <Index>净利润</Index>
    <Index>业绩</Index>
    <Index>预告净利润</Index>
    <Index>预告业绩</Index>
    <Index>预计业绩</Index>
    <Index>预告净利润变动幅度</Index>
    <Description>净利润</Description>
  </IndexGroup>
  <IndexGroup id="30">
    <Index>牛散姓名</Index>
    <Index>流通股东名称</Index>
    <Index>大股东名称</Index>
    <Description>牛散姓名</Description>
  </IndexGroup>
  <IndexGroup id="28">
    <Index>人名</Index>
    <Index>姓名</Index>
    <Index>流通股东名称</Index>
    <Description>流通股东名称</Description>
  </IndexGroup>
  <IndexGroup id="27">
    <Index>均线</Index>
    <Index>macd</Index>
    <Index>amo</Index>
    <Index>amv</Index>
    <Index>expma</Index>
    <Index>vol</Index>
    <Index>数值线</Index>
    <Index>行情最高价</Index>
    <Index>行情最低价</Index>
    <Index>行情成交量</Index>
    <Index>行情最新价</Index>
    <Index>行情开盘价</Index>
    <Index>行情收盘价</Index>
    <Index>ene</Index>
    <Index>贝塔系数</Index>
    <Index>均线出牛股</Index>
    <Index>新手炒股</Index>
    <Index>lwr</Index>
    <Index>pbx</Index>
    <Index>dpo</Index>
    <Index>emv</Index>
    <Index>qlcx</Index>
    <Index>zbcd</Index>
    <Index>arbr</Index>
    <Index>bbi</Index>
    <Index>roc</Index>
    <Index>adtm</Index>
    <Index>asi</Index>
    <Index>vr</Index>
    <Index>mfi</Index>
    <Index>psy</Index>
    <Index>cys</Index>
    <Index>obv</Index>
    <Index>trix</Index>
    <Index>cr</Index>
    <Index>dmi</Index>
    <Index>boll</Index>
    <Index>wr</Index>
    <Index>rsi</Index>
    <Index>dma</Index>
    <Index>skdj</Index>
    <Index>cci</Index>
    <Index>zlmm</Index>
    <Index>bias</Index>
    <Index>mtm</Index>
    <Index>kdj</Index>
    <Index>macd</Index>
    <Index>ddx</Index>
    <Index>diff值</Index>
    <Index>dea值</Index>
    <Index>k值</Index>
    <Index>d值</Index>
    <Index>j值</Index>
    <Description>技术指标</Description>
  </IndexGroup>
  <IndexGroup id="26">
    <Index>macd</Index>
    <Index>成交量</Index>
    <Index>月成交量</Index>
    <Index>年成交量</Index>
    <Index>n日成交量</Index>
    <Index>区间成交量</Index>
    <Index>区间日均成交量</Index>
    <Index>上市首日成交量</Index>
    <Index>周成交量</Index>
    <Index>最新大盘成交量</Index>
    <Index>最新外盘成交量</Index>
    <Index>最新内盘成交量</Index>
    <Index>最新成交量</Index>
    <Index>大盘成交量</Index>
    <Index>外盘成交量</Index>
    <Index>内盘成交量</Index>
    <Description>红绿柱指标</Description>
  </IndexGroup>
  <IndexGroup id="25">
    <Index>均线</Index>
    <Index>数值线</Index>
    <Index>均量线</Index>
    <Index>vol</Index>
    <Index>amv</Index>
    <Index>wr</Index>
    <Description>多线技术指标2</Description>
  </IndexGroup>
  <IndexGroup id="22">
    <Index>股票</Index>
    <Index>基金</Index>
    <Index>所属申万行业</Index>
    <Description>的indexgroup</Description>
  </IndexGroup>
  <IndexGroup id="21">
    <Index>资金流入</Index>
    <Index>资金净流入</Index>
    <Index>资金流出</Index>
    <Index>资金净流出</Index>
    <Description>资金流入</Description>
  </IndexGroup>
  <IndexGroup id="20">
    <Index>股票简称</Index>
    <Index>股票代码</Index>
    <Description>机构+股票</Description>
  </IndexGroup>
  <IndexGroup id="19">
    <Index>基金代码</Index>
    <Index>基金简称</Index>
    <Description>诊基金</Description>
  </IndexGroup>
  <IndexGroup id="18">
    <Index>所属申万行业</Index>
    <Index>主营产品名称</Index>
    <Index>所属概念</Index>
    <Index>股票简称</Index>
    <Index>股票代码</Index>
    <Index>新闻</Index>
    <Index>基金简称</Index>
    <Description>研报</Description>
  </IndexGroup>
  <IndexGroup id="16">
    <Index>基本每股收益(同比增长率)</Index>
    <Index>归属母公司股东的净利润-扣除非经常损益(同比增长率)</Index>
    <Index>单季度.营业总收入同比增长率</Index>
    <Index>营业总收入(同比增长率)</Index>
    <Index>归属母公司股东的净利润(同比增长率)</Index>
    <Index>净资产(同比增长率)</Index>
    <Index>净资产收益率(摊薄)(同比增长率)</Index>
    <Index>经营活动产生的现金流量净额(同比增长率)</Index>
    <Index>净利润(同比增长率)</Index>
    <Index>稀释每股收益(同比增长率)</Index>
    <Index>营业利润(同比增长率)</Index>
    <Index>现金净流量(同比增长率)</Index>
    <Index>营业收入(同比增长率)</Index>
    <Index>总负债(同比增长率)</Index>
    <Index>单季度.归属母公司股东的净利润同比增长率</Index>
    <Index>单季度.营业利润同比增长率</Index>
    <Index>单季度.营业收入同比增长率</Index>
    <Index>单季度.净利润同比增长率</Index>
    <Index>总资产(同比增长率)</Index>
    <Index>利润总额(同比增长率)</Index>
    <Index>每股经营活动产生的现金流量净额(同比增长率)</Index>
    <Index>上市首年净利润同比增长率</Index>
    <Index>归属母公司股东的净利润(同比增长率)季度均值</Index>
    <Index>归属母公司股东的净利润(同比增长率)年度均值</Index>
    <Index>单季度.净利润环比增长率</Index>
    <Index>单季度.营业收入环比增长率</Index>
    <Index>单季度.营业总收入环比增长率</Index>
    <Index>单季度.归属母公司股东的净利润环比增长率</Index>
    <Index>单季度.营业利润环比增长率</Index>
    <Index>单季度.扣除非经常性损益后的净利润环比增长率</Index>
    <Index>营业利润(n年,增长率)</Index>
    <Index>预告净利润变动幅度</Index>
    <Index>单季度.归属母公司股东的净利润同比增长率</Index>
    <Description>增长</Description>
  </IndexGroup>
  <IndexGroup id="15">
    <Index>股票简称</Index>
    <Index>股票代码</Index>
    <Description>股票</Description>
  </IndexGroup>
  <IndexGroup id="14">
    <Index>所属申万行业</Index>
    <Index>主营产品名称</Index>
    <Index>城市</Index>
    <Index>所属概念</Index>
    <Index>省份</Index>
    <Index>所属地域</Index>
    <Index>所属证监会行业</Index>
    <Description>all</Description>
  </IndexGroup>
  <IndexGroup id="12">
    <Index>所属申万行业</Index>
    <Index>主营产品名称</Index>
    <Index>所属证监会行业</Index>
    <Description>行业龙头</Description>
  </IndexGroup>
  <IndexGroup id="11">
    <Index>城市</Index>
    <Index>省份</Index>
    <Index>所属地域</Index>
    <Description>区域龙头</Description>
  </IndexGroup>
  <IndexGroup id="9">
    <Index>zbcd</Index>
    <Index>amv</Index>
    <Index>asi</Index>
    <Index>突出重围</Index>
    <Index>obv</Index>
    <Index>expma</Index>
    <Index>vol</Index>
    <Index>rsi</Index>
    <Index>cci</Index>
    <Index>bias</Index>
    <Index>mtm</Index>
    <Index>kdj</Index>
    <Index>macd</Index>
    <Index>均线</Index>
    <Index>开盘价</Index>
    <Index>市盈率(pe)</Index>
    <Description>创新高、创新低</Description>
  </IndexGroup>
  <IndexGroup id="8">
    <Index>行情最新价</Index>
    <Index>行情最高价</Index>
    <Index>收盘价</Index>
    <Index>最新价</Index>
    <Index>成交量</Index>
    <Index>行情最低价</Index>
    <Index>行情成交量</Index>
    <Index>行情开盘价</Index>
    <Index>行情收盘价</Index>
    <Index>均线</Index>
    <Index>vol</Index>
    <Index>amo</Index>
    <Index>amv</Index>
    <Index>expma</Index>
    <Index>数值线</Index>
    <Index>diff值</Index>
    <Index>dea值</Index>
    <Index>dmi</Index>
    <Index>cci</Index>
    <Index>最低价</Index>
    <Index>k值</Index>
    <Index>d值</Index>
    <Index>rsi1值</Index>
    <Index>rsi2值</Index>
    <Index>rsi3值</Index>
    <Index>rsi6值</Index>
    <Index>rsi12值</Index>
    <Index>rsi24值</Index>
    <Description>单线+均线</Description>
  </IndexGroup>
  <IndexGroup id="6">
    <Index>均线</Index>
    <Index>macd</Index>
    <Index>amo</Index>
    <Index>amv</Index>
    <Index>expma</Index>
    <Index>vol</Index>
    <Index>数值线</Index>
    <Index>行情最高价</Index>
    <Index>行情最低价</Index>
    <Index>行情成交量</Index>
    <Index>行情最新价</Index>
    <Index>行情开盘价</Index>
    <Index>行情收盘价</Index>
    <Index>ene</Index>
    <Index>贝塔系数</Index>
    <Index>均线出牛股</Index>
    <Index>新手炒股</Index>
    <Index>lwr</Index>
    <Index>pbx</Index>
    <Index>dpo</Index>
    <Index>emv</Index>
    <Index>qlcx</Index>
    <Index>zbcd</Index>
    <Index>arbr</Index>
    <Index>bbi</Index>
    <Index>roc</Index>
    <Index>adtm</Index>
    <Index>asi</Index>
    <Index>vr</Index>
    <Index>mfi</Index>
    <Index>psy</Index>
    <Index>cys</Index>
    <Index>obv</Index>
    <Index>trix</Index>
    <Index>cr</Index>
    <Index>dmi</Index>
    <Index>boll</Index>
    <Index>wr</Index>
    <Index>rsi</Index>
    <Index>dma</Index>
    <Index>skdj</Index>
    <Index>cci</Index>
    <Index>zlmm</Index>
    <Index>bias</Index>
    <Index>mtm</Index>
    <Index>kdj</Index>
    <Index>macd</Index>
    <Index>ddx</Index>
    <Index>diff值</Index>
    <Index>dea值</Index>
    <Index>k值</Index>
    <Index>d值</Index>
    <Index>j值</Index>
    <Index>收盘价</Index>
    <Index>jcs线jcm线jcl线</Index>
    <Index>br</Index>
    <Index>ddd值</Index>
    <Index>lower值</Index>
    <Index>rsi1值</Index>
    <Index>rsi2值</Index>
    <Index>rsi3值</Index>
    <Index>rsi6值</Index>
    <Index>rsi24值</Index>
    <Index>adx值</Index>
    <Index>maosc值</Index>
    <Index>mamtm值</Index>
    <Index>psyma</Index>
    <Index>fsl</Index>
    <Index>sar</Index>
    <Description>所有技术指标</Description>
  </IndexGroup>
  <IndexGroup id="5">
    <Index>均线</Index>
    <Index>vol</Index>
    <Index>amo</Index>
    <Index>amv</Index>
    <Index>expma</Index>
    <Index>数值线</Index>
    <Index>d线</Index>
    <Index>d值</Index>
    <Index>j值</Index>
    <Index>j</Index>
    <Index>k值</Index>
    <Index>k</Index>
    <Index>k线</Index>
    <Index>macd</Index>
    <Index>rsi</Index>
    <Index>kdj</Index>
    <Index>dmi</Index>
    <Index>asi</Index>
    <Index>dpo</Index>
    <Index>rsi1值</Index>
    <Index>rsi2值</Index>
    <Index>rsi3值</Index>
    <Index>rsi6值</Index>
    <Index>rsi24值</Index>
    <Description>所有均线型指标</Description>
  </IndexGroup>
  <IndexGroup id="3">
    <Index>行情最新价</Index>
    <Index>行情最高价</Index>
    <Index>收盘价</Index>
    <Index>最新价</Index>
    <Index>成交量</Index>
    <Index>行情最低价</Index>
    <Index>行情成交量</Index>
    <Index>行情开盘价</Index>
    <Index>行情收盘价</Index>
    <Description>单线技术指标</Description>
  </IndexGroup>
  <IndexGroup id="1">
    <Index>macd</Index>
    <Index>kdj</Index>
    <Index>rsi</Index>
    <Index>trix</Index>
    <Index>dma</Index>
    <Index>dmi</Index>
    <Index>bbi</Index>
    <Index>arbr</Index>
    <Index>mtm</Index>
    <Index>zlmm</Index>
    <Index>pbx</Index>
    <Index>asi</Index>
    <Index>wr</Index>
    <Index>ene</Index>
    <Index>贝塔系数</Index>
    <Index>均线出牛股</Index>
    <Index>新手炒股</Index>
    <Index>lwr</Index>
    <Index>dpo</Index>
    <Index>emv</Index>
    <Index>qlcx</Index>
    <Index>zbcd</Index>
    <Index>arbr</Index>
    <Index>roc</Index>
    <Index>adtm</Index>
    <Index>vr</Index>
    <Index>mfi</Index>
    <Index>psy</Index>
    <Index>cys</Index>
    <Index>obv</Index>
    <Index>cr</Index>
    <Index>boll</Index>
    <Index>skdj</Index>
    <Index>cci</Index>
    <Index>zlmm</Index>
    <Index>bias</Index>
    <Index>vol</Index>
    <Index>ddx</Index>
    <Index>diff值</Index>
    <Index>dea值</Index>
    <Index>expma</Index>
    <Index>osc</Index>
    <Index>bbi</Index>
    <Index>sar</Index>
    <Index>fsl</Index>
    <Description>多线技术指标</Description>
  </IndexGroup>
</Config>
