<?xml version="1.0" encoding="UTF-8"?>
<index-rules>
	<index-rule>
		<index-from>公司独立董事(现任)</index-from>
		<index-change>
			<index-condition>曾经</index-condition>
			<index-to>公司独立董事(历任)</index-to>
		</index-change>
	</index-rule>
	<index-rule>
		<index-from>历史peg值</index-from>
		<index-change>
			<index-condition>预测</index-condition>
			<index-to>预测peg值</index-to>
		</index-change>
	</index-rule>
	<index-rule>
		<index-from>单季度.净利润</index-from>
		<index-change>
			<index-condition>增长_</index-condition>
			<index-to>单季度.净利润同比增长率</index-to>
		</index-change>
		<index-change>
			<index-condition>同比增长_</index-condition>
			<index-to>单季度.净利润同比增长率</index-to>
		</index-change>
		<index-change>
			<index-condition>环比增长_</index-condition>
			<index-to>单季度.净利润环比增长率</index-to>
		</index-change>
		<index-change>
			<index-condition>环比增长_</index-condition>
			<index-to>单季度.净利润环比增长率</index-to>
		</index-change>
	</index-rule>
	<index-rule>
		<index-from>单季度.营业利润</index-from>
		<index-change>
			<index-condition>增长_</index-condition>
			<index-to>单季度.营业利润同比增长率</index-to>
		</index-change>
		<index-change>
			<index-condition>同比增长_</index-condition>
			<index-to>单季度.营业利润同比增长率</index-to>
		</index-change>
		<index-change>
			<index-condition>环比增长_</index-condition>
			<index-to>单季度.营业利润环比增长率</index-to>
		</index-change>
		<index-change>
			<index-condition>累计增长_</index-condition>
			<index-to>营业利润(n年,增长率)</index-to>
		</index-change>
	</index-rule>
	<index-rule>
		<index-from>首发价格</index-from>
		<index-change>
			<index-condition>增长_</index-condition>
			<index-to>相对发行价涨跌幅</index-to>
		</index-change>
		<index-change>
			<index-condition>同比增长_</index-condition>
			<index-to>相对发行价涨跌幅</index-to>
		</index-change>
		<index-change>
			<index-condition>环比增长_</index-condition>
			<index-to>相对发行价涨跌幅</index-to>
		</index-change>
	</index-rule>
	<index-rule>
		<index-from>单季度.营业总收入</index-from>
		<index-change>
			<index-condition>增长_</index-condition>
			<index-to>单季度.营业总收入同比增长率</index-to>
		</index-change>
		<index-change>
			<index-condition>同比增长_</index-condition>
			<index-to>单季度.营业总收入同比增长率</index-to>
		</index-change>
		<index-change>
			<index-condition>环比增长_</index-condition>
			<index-to>单季度.营业总收入环比增长率</index-to>
		</index-change>
	</index-rule>
	<index-rule>
		<index-from>单季度.净利润</index-from>
		<index-change>
			<index-condition>增长_</index-condition>
			<index-to>单季度.净利润同比增长率</index-to>
		</index-change>
		<index-change>
			<index-condition>同比增长_</index-condition>
			<index-to>单季度.净利润同比增长率</index-to>
		</index-change>
		<index-change>
			<index-condition>环比增长_</index-condition>
			<index-to>单季度.净利润环比增长率</index-to>
		</index-change>
	</index-rule>
	<index-rule>
		<index-from>单季度.营业利润</index-from>
		<index-change>
			<index-condition>增长_</index-condition>
			<index-to>单季度.营业利润同比增长率</index-to>
		</index-change>
		<index-change>
			<index-condition>同比增长_</index-condition>
			<index-to>单季度.营业利润同比增长率</index-to>
		</index-change>
		<index-change>
			<index-condition>环比增长_</index-condition>
			<index-to>单季度.营业利润环比增长率</index-to>
		</index-change>
	</index-rule>
	<index-rule>
		<index-from>股东权益(mrq)</index-from>
		<index-change>
			<index-condition>累计</index-condition>
			<index-to>股东权益(n年,增长率)</index-to>
		</index-change>
	</index-rule>
	<index-rule>
		<index-from>归属母公司股东的净利润</index-from>
		<index-change>
			<index-condition>增长_</index-condition>
			<index-to>归属母公司股东的净利润(同比增长率)</index-to>
		</index-change>
		<index-change>
			<index-condition>同比增长_</index-condition>
			<index-to>归属母公司股东的净利润(同比增长率)</index-to>
		</index-change>
		<index-change>
			<index-condition>累计</index-condition>
			<index-to>归属母公司股东的净利润(n年,增长率)</index-to>
		</index-change>
	</index-rule>
	<index-rule>
		<index-from>归属母公司股东的权益(mrq)</index-from>
		<index-change>
			<index-condition>累计</index-condition>
			<index-to>归属母公司股东的权益(n年,增长率)</index-to>
		</index-change>
	</index-rule>
	<index-rule>
		<index-from>基本每股收益</index-from>
		<index-change>
			<index-condition>增长_</index-condition>
			<index-to>基本每股收益(同比增长率)</index-to>
		</index-change>
		<index-change>
			<index-condition>同比增长_</index-condition>
			<index-to>基本每股收益(同比增长率)</index-to>
		</index-change>
	</index-rule>
	<index-rule>
		<index-from>价值变动净收益</index-from>
		<index-change>
			<index-condition>累计</index-condition>
			<index-to>价值变动净收益(n年,增长率)</index-to>
		</index-change>
	</index-rule>
	<index-rule>
		<index-from>经营活动产生的现金流量净额</index-from>
		<index-change>
			<index-condition>增长_</index-condition>
			<index-to>经营活动产生的现金流量净额(同比增长率)</index-to>
		</index-change>
		<index-change>
			<index-condition>同比增长_</index-condition>
			<index-to>经营活动产生的现金流量净额(同比增长率)</index-to>
		</index-change>
		<index-change>
			<index-condition>累计</index-condition>
			<index-to>经营活动产生的现金流量净额(n年,增长率)</index-to>
		</index-change>
		<index-change>
			<index-condition>0.0001-20元</index-condition>
			<index-to>每股经营活动产生的现金流量净额</index-to>
		</index-change>
	</index-rule>
	<index-rule>
		<index-from>经营活动净收益</index-from>
		<index-change>
			<index-condition>累计</index-condition>
			<index-to>经营活动净收益(n年,增长率)</index-to>
		</index-change>
	</index-rule>
	<index-rule>
		<index-from>净利润(同比增长率)</index-from>
		<index-change>
			<index-condition>QUARTER</index-condition>
			<index-to>单季度.净利润同比增长率</index-to>
		</index-change>
		<index-change>
			<index-condition>预测</index-condition>
			<index-to>预告净利润变动幅度(%)</index-to>
		</index-change>
		<index-change>
			<index-condition>预测_</index-condition>
			<index-to>预告净利润变动幅度(%)</index-to>
		</index-change>
	</index-rule>
	<index-rule>
		<index-from>净利润</index-from>
		<index-change>
			<index-condition>增长_</index-condition>
			<index-to>净利润(同比增长率)</index-to>
		</index-change>
		<index-change>
			<index-condition>同比增长_</index-condition>
			<index-to>净利润(同比增长率)</index-to>
		</index-change>
		<index-change>
			<index-condition>预测增长_</index-condition>
			<index-to>预测净利润增长率</index-to>
		</index-change>
		<index-change>
			<index-condition>预告增长_</index-condition>
			<index-to>预告净利润变动幅度(%)</index-to>
		</index-change>
		<index-change>
			<index-condition>累计</index-condition>
			<index-to>净利润(n年,增长率)</index-to>
		</index-change>
		<index-change>
			<index-condition>累计增长_</index-condition>
			<index-to>净利润(n年,增长率)</index-to>
		</index-change>
		<index-change>
			<index-condition>环比增长_</index-condition>
			<index-to>单季度.净利润环比增长率</index-to>
		</index-change>
		<index-change>
			<index-condition>复合</index-condition>
			<index-to>净利润复合年增长率</index-to>
		</index-change>
		<index-change>
			<index-condition>复合增长_</index-condition>
			<index-to>净利润复合年增长率</index-to>
		</index-change>
		<index-change>
			<index-condition>QUARTER</index-condition>
			<index-to>单季度.净利润</index-to>
		</index-change>
		<index-change>
			<index-condition>0.0001到8元</index-condition>
			<index-to>每股收益eps-基本</index-to>
		</index-change>
	</index-rule>
	<index-rule>
		<index-from>股东权益合计</index-from>
		<index-change>
			<index-condition>增长_</index-condition>
			<index-to>净资产(同比增长率)</index-to>
		</index-change>
		<index-change>
			<index-condition>同比增长_</index-condition>
			<index-to>净资产(同比增长率)</index-to>
		</index-change>
	</index-rule>
	<index-rule>
		<index-from>净资产收益率roe(摊薄,公布值)</index-from>
		<index-change>
			<index-condition>增长_</index-condition>
			<index-to>净资产收益率(摊薄)(同比增长率)</index-to>
		</index-change>
		<index-change>
			<index-condition>同比增长_</index-condition>
			<index-to>净资产收益率(摊薄)(同比增长率)</index-to>
		</index-change>
	</index-rule>
	<index-rule>
		<index-from>净资产收益率roe</index-from>
		<index-change>
			<index-condition>累计增长_</index-condition>
			<index-to>净资产收益率(n年,增长率)</index-to>
		</index-change>
	</index-rule>
	<index-rule>
		<index-from>利润总额</index-from>
		<index-change>
			<index-condition>增长_</index-condition>
			<index-to>利润总额(同比增长率)</index-to>
		</index-change>
		<index-change>
			<index-condition>同比增长_</index-condition>
			<index-to>利润总额(同比增长率)</index-to>
		</index-change>
		<index-change>
			<index-condition>累计增长_</index-condition>
			<index-to>利润总额(n年,增长率)</index-to>
		</index-change>
	</index-rule>
	<index-rule>
		<index-from>每股股利(税后)</index-from>
		<index-change>
			<index-condition>平均</index-condition>
			<index-to>预测每股股利(dps)平均值</index-to>
		</index-change>
	</index-rule>
	<index-rule>
		<index-from>每股经营活动产生的现金流量净额</index-from>
		<index-change>
			<index-condition>增长_</index-condition>
			<index-to>每股经营活动产生的现金流量净额(同比增长率)</index-to>
		</index-change>
		<index-change>
			<index-condition>同比增长_</index-condition>
			<index-to>每股经营活动产生的现金流量净额(同比增长率)</index-to>
		</index-change>
	</index-rule>
	<index-rule>
		<index-from>每股收益eps-基本</index-from>
		<index-change>
			<index-condition>预测</index-condition>
			<index-to>机构预测每股收益</index-to>
		</index-change>
	</index-rule>
	<index-rule>
		<index-from>稀释每股收益</index-from>
		<index-change>
			<index-condition>增长_</index-condition>
			<index-to>稀释每股收益(同比增长率)</index-to>
		</index-change>
		<index-change>
			<index-condition>同比增长_</index-condition>
			<index-to>稀释每股收益(同比增长率)</index-to>
		</index-change>
	</index-rule>
	<index-rule>
		<index-from>现金净流量(ttm)</index-from>
		<index-change>
			<index-condition>增长_</index-condition>
			<index-to>现金净流量(同比增长率)</index-to>
		</index-change>
		<index-change>
			<index-condition>同比增长_</index-condition>
			<index-to>现金净流量(同比增长率)</index-to>
		</index-change>
	</index-rule>
	<index-rule>
		<index-from>现金净流量(ttm)</index-from>
		<index-change>
			<index-condition>1-100元</index-condition>
			<index-to>每股现金流量净额</index-to>
		</index-change>
	</index-rule>
	<index-rule>
		<index-from>营业利润</index-from>
		<index-change>
			<index-condition>增长_</index-condition>
			<index-to>营业利润(同比增长率)</index-to>
		</index-change>
		<index-change>
			<index-condition>同比增长_</index-condition>
			<index-to>营业利润(同比增长率)</index-to>
		</index-change>
		<index-change>
			<index-condition>累计增长_</index-condition>
			<index-to>营业利润(n年,增长率)</index-to>
		</index-change>
	</index-rule>
	<index-rule>
		<index-from>营业收入</index-from>
		<index-change>
			<index-condition>增长_</index-condition>
			<index-to>营业收入(同比增长率)</index-to>
		</index-change>
		<index-change>
			<index-condition>同比增长_</index-condition>
			<index-to>营业收入(同比增长率)</index-to>
		</index-change>
		<index-change>
			<index-condition>累计增长_</index-condition>
			<index-to>营业收入(n年,增长率)</index-to>
		</index-change>
	</index-rule>
	<index-rule>
		<index-from>营业总收入</index-from>
		<index-change>
			<index-condition>增长_</index-condition>
			<index-to>营业总收入(同比增长率)</index-to>
		</index-change>
		<index-change>
			<index-condition>同比增长_</index-condition>
			<index-to>营业总收入(同比增长率)</index-to>
		</index-change>
		<index-change>
			<index-condition>累计增长_</index-condition>
			<index-to>营业总收入(n年,增长率)</index-to>
		</index-change>
		<index-change>
			<index-condition>累计增长_</index-condition>
			<index-to>营业总成本(n年,增长率)</index-to>
		</index-change>
		<index-change>
			<index-condition>0.0001-150元</index-condition>
			<index-to>每股营业总收入</index-to>
		</index-change>
	</index-rule>
	<index-rule>
		<index-from>主营业务收入</index-from>
		<index-change>
			<index-condition>预测</index-condition>
			<index-to>预测主营业务收入增长率</index-to>
		</index-change>
	</index-rule>
	<index-rule>
		<index-from>资产总计</index-from>
		<index-change>
			<index-condition>累计增长_</index-condition>
			<index-to>资产总计(n年,增长率)</index-to>
		</index-change>
	</index-rule>

	<index-rule>
		<index-from>负债合计</index-from>
		<index-change>
			<index-condition>增长_</index-condition>
			<index-to>总负债(同比增长率)</index-to>
		</index-change>
		<index-change>
			<index-condition>同比增长_</index-condition>
			<index-to>总负债(同比增长率)</index-to>
		</index-change>
	</index-rule>
	<index-rule>
		<index-from>净资产收益率roe(加权,公布值)</index-from>
		<index-change>
			<index-condition>预测增长_</index-condition>
			<index-to>预测净利润增长率</index-to>
		</index-change>
	</index-rule>
	<index-rule>
		<index-from>收盘价</index-from>
		<index-change>
			<index-condition>同比增长_</index-condition>
			<index-to>涨跌幅</index-to>
		</index-change>
		<index-change>
			<index-condition>环比增长_</index-condition>
			<index-to>涨跌幅</index-to>
		</index-change>
	</index-rule>
	<index-rule>
		<index-from>区间收盘价</index-from>
		<index-change>
			<index-condition>同比增长_</index-condition>
			<index-to>区间涨跌幅</index-to>
		</index-change>
		<index-change>
			<index-condition>环比增长_</index-condition>
			<index-to>区间涨跌幅</index-to>
		</index-change>
	</index-rule>
	<index-rule>
		<index-from>净资产收益率roe</index-from>
		<index-change>
			<index-condition>摊薄</index-condition>
			<index-to>净资产收益率roe(摊薄,公布值)</index-to>
		</index-change>
	</index-rule>
	<index-rule>
		<index-from>净资产收益率roe(加权,公布值)</index-from>
		<index-change>
			<index-condition>摊薄</index-condition>
			<index-to>净资产收益率roe(摊薄,公布值)</index-to>
		</index-change>
	</index-rule>
	<index-rule>
		<index-from>成交量</index-from>
		<index-change>
			<index-condition>大宗交易</index-condition>
			<index-to>大宗交易量(明细)</index-to>
		</index-change>
	</index-rule>
	<index-rule>
		<index-from>成交额</index-from>
		<index-change>
			<index-condition>大宗交易</index-condition>
			<index-to>大宗交易额(明细)</index-to>
		</index-change>
	</index-rule>
	<index-rule>
		<index-from>成交价格</index-from>
		<index-change>
			<index-condition>大宗交易</index-condition>
			<index-to>大宗交易均价</index-to>
		</index-change>
	</index-rule>
	<index-rule>
		<index-from>最新开盘价</index-from>
		<index-change>
			<index-condition>_最新原指标</index-condition>
			<index-to>开盘价</index-to>
		</index-change>
	</index-rule>
	<index-rule>
		<index-from>开盘价</index-from>
		<index-change>
			<index-condition>_最新</index-condition>
			<index-to>最新开盘价</index-to>
		</index-change>
		<index-change>
			<index-condition>_周</index-condition>
			<index-to>周开盘价</index-to>
		</index-change>
		<index-change>
			<index-condition>_月</index-condition>
			<index-to>月开盘价</index-to>
		</index-change>
		<index-change>
			<index-condition>_年</index-condition>
			<index-to>年开盘价</index-to>
		</index-change>
		<index-change>
			<index-condition>_区间</index-condition>
			<index-to>区间开盘价</index-to>
		</index-change>
	</index-rule>
	<index-rule>
		<index-from>最高价</index-from>
		<index-change>
			<index-condition>_最新</index-condition>
			<index-to>最新最高价</index-to>
		</index-change>
	</index-rule>
	<index-rule>
		<index-from>最新最高价</index-from>
		<index-change>
			<index-condition>_最新原指标</index-condition>
			<index-to>最高价</index-to>
		</index-change>
	</index-rule>
	<index-rule>
		<index-from>最低价</index-from>
		<index-change>
			<index-condition>_最新</index-condition>
			<index-to>最新最低价</index-to>
		</index-change>
	</index-rule>
	<index-rule>
		<index-from>最新最低价</index-from>
		<index-change>
			<index-condition>_最新原指标</index-condition>
			<index-to>最低价</index-to>
		</index-change>
	</index-rule>
	<index-rule>
		<index-from>最新换手率</index-from>
		<index-change>
			<index-condition>_最新原指标</index-condition>
			<index-to>换手率</index-to>
		</index-change>
	</index-rule>
	<index-rule>
		<index-from>换手率</index-from>
		<index-change>
			<index-condition>_最新</index-condition>
			<index-to>最新换手率</index-to>
		</index-change>
		<index-change>
			<index-condition>_周</index-condition>
			<index-to>周换手率</index-to>
		</index-change>
		<index-change>
			<index-condition>_月</index-condition>
			<index-to>月换手率</index-to>
		</index-change>
		<index-change>
			<index-condition>_年</index-condition>
			<index-to>年换手率</index-to>
		</index-change>
		<index-change>
			<index-condition>_区间</index-condition>
			<index-to>区间换手率</index-to>
		</index-change>
	</index-rule>
	<index-rule>
		<index-from>最新涨跌幅</index-from>
		<index-change>
			<index-condition>_最新原指标</index-condition>
			<index-to>涨跌幅</index-to>
		</index-change>
	</index-rule>
	<index-rule>
		<index-from>涨跌幅</index-from>
		<index-change>
			<index-condition>_最新</index-condition>
			<index-to>最新涨跌幅</index-to>
		</index-change>
		<index-change>
			<index-condition>累计_</index-condition>
			<index-to>区间涨跌幅</index-to>
		</index-change>
		<index-change>
			<index-condition>_周</index-condition>
			<index-to>周涨跌幅</index-to>
		</index-change>
		<index-change>
			<index-condition>_月</index-condition>
			<index-to>月涨跌幅</index-to>
		</index-change>
		<index-change>
			<index-condition>_年</index-condition>
			<index-to>年涨跌幅</index-to>
		</index-change>
		<index-change>
			<index-condition>_区间</index-condition>
			<index-to>区间涨跌幅</index-to>
		</index-change>
	</index-rule>
	<index-rule>
		<index-from>最新成交量</index-from>
		<index-change>
			<index-condition>_最新原指标</index-condition>
			<index-to>成交量</index-to>
		</index-change>
	</index-rule>
	<index-rule>
		<index-from>成交量</index-from>
		<index-change>
			<index-condition>_最新</index-condition>
			<index-to>最新成交量</index-to>
		</index-change>
	</index-rule>
	<index-rule>
		<index-from>最新委比</index-from>
		<index-change>
			<index-condition>_最新原指标</index-condition>
			<index-to>委比</index-to>
		</index-change>
	</index-rule>
	<index-rule>
		<index-from>委比</index-from>
		<index-change>
			<index-condition>_最新</index-condition>
			<index-to>最新委比</index-to>
		</index-change>
	</index-rule>
	<index-rule>
		<index-from>最新量比</index-from>
		<index-change>
			<index-condition>_最新原指标</index-condition>
			<index-to>量比</index-to>
		</index-change>
	</index-rule>
	<index-rule>
		<index-from>量比</index-from>
		<index-change>
			<index-condition>_最新</index-condition>
			<index-to>最新量比</index-to>
		</index-change>
	</index-rule>
	<index-rule>
		<index-from>最新大盘开盘价</index-from>
		<index-change>
			<index-condition>_最新原指标</index-condition>
			<index-to>大盘开盘价</index-to>
		</index-change>
	</index-rule>
	<index-rule>
		<index-from>大盘开盘价</index-from>
		<index-change>
			<index-condition>_最新</index-condition>
			<index-to>最新大盘开盘价</index-to>
		</index-change>
	</index-rule>
	<index-rule>
		<index-from>最新大盘成交量</index-from>
		<index-change>
			<index-condition>_最新原指标</index-condition>
			<index-to>大盘成交量</index-to>
		</index-change>
	</index-rule>
	<index-rule>
		<index-from>大盘成交量</index-from>
		<index-change>
			<index-condition>_最新</index-condition>
			<index-to>最新大盘成交量</index-to>
		</index-change>
	</index-rule>
	<index-rule>
		<index-from>最新大盘最高价</index-from>
		<index-change>
			<index-condition>_最新原指标</index-condition>
			<index-to>大盘最高价</index-to>
		</index-change>
	</index-rule>
	<index-rule>
		<index-from>大盘最高价</index-from>
		<index-change>
			<index-condition>_最新</index-condition>
			<index-to>最新大盘最高价</index-to>
		</index-change>
	</index-rule>
	<index-rule>
		<index-from>最新大盘最低价</index-from>
		<index-change>
			<index-condition>_最新原指标</index-condition>
			<index-to>大盘最低价</index-to>
		</index-change>
	</index-rule>
	<index-rule>
		<index-from>大盘最低价</index-from>
		<index-change>
			<index-condition>_最新</index-condition>
			<index-to>最新大盘最低价</index-to>
		</index-change>
	</index-rule>
	<index-rule>
		<index-from>最新资金流向</index-from>
		<index-change>
			<index-condition>_最新原指标</index-condition>
			<index-to>资金流向</index-to>
		</index-change>
	</index-rule>
	<index-rule>
		<index-from>资金流向</index-from>
		<index-change>
			<index-condition>_最新</index-condition>
			<index-to>最新资金流向</index-to>
		</index-change>
	</index-rule>
	<index-rule>
		<index-from>最新dde大单净额</index-from>
		<index-change>
			<index-condition>_最新原指标</index-condition>
			<index-to>dde大单净额</index-to>
		</index-change>
	</index-rule>
	<index-rule>
		<index-from>dde大单净额</index-from>
		<index-change>
			<index-condition>_最新</index-condition>
			<index-to>最新dde大单净额</index-to>
		</index-change>
	</index-rule>
	<index-rule>
		<index-from>收盘价</index-from>
		<index-change>
			<index-condition>_最新</index-condition>
			<index-to>最新价</index-to>
		</index-change>
		<index-change>
			<index-condition>_周</index-condition>
			<index-to>周收盘价</index-to>
		</index-change>
		<index-change>
			<index-condition>_月</index-condition>
			<index-to>月收盘价</index-to>
		</index-change>
		<index-change>
			<index-condition>_年</index-condition>
			<index-to>年收盘价</index-to>
		</index-change>
		<index-change>
			<index-condition>_区间</index-condition>
			<index-to>区间收盘价</index-to>
		</index-change>
	</index-rule>
	<index-rule>
		<index-from>最新价</index-from>
		<index-change>
			<index-condition>_最新原指标</index-condition>
			<index-to>收盘价</index-to>
		</index-change>
	</index-rule>
	<index-rule>
		<index-from>最新主力净流向</index-from>
		<index-change>
			<index-condition>_最新原指标</index-condition>
			<index-to>主力净流向</index-to>
		</index-change>
	</index-rule>
	<index-rule>
		<index-from>主力净流向</index-from>
		<index-change>
			<index-condition>_最新</index-condition>
			<index-to>最新主力净流向</index-to>
		</index-change>
	</index-rule>
	<index-rule>
		<index-from>最新涨跌停</index-from>
		<index-change>
			<index-condition>_最新原指标</index-condition>
			<index-to>涨跌停</index-to>
		</index-change>
	</index-rule>
	<index-rule>
		<index-from>涨跌停</index-from>
		<index-change>
			<index-condition>_最新</index-condition>
			<index-to>最新涨跌停</index-to>
		</index-change>
	</index-rule>
	<index-rule>
		<index-from>最新振幅</index-from>
		<index-change>
			<index-condition>_最新原指标</index-condition>
			<index-to>振幅</index-to>
		</index-change>
	</index-rule>
	<index-rule>
		<index-from>振幅</index-from>
		<index-change>
			<index-condition>_最新</index-condition>
			<index-to>最新振幅</index-to>
		</index-change>
		<index-change>
			<index-condition>_周</index-condition>
			<index-to>周振幅</index-to>
		</index-change>
		<index-change>
			<index-condition>_月</index-condition>
			<index-to>月振幅</index-to>
		</index-change>
		<index-change>
			<index-condition>_年</index-condition>
			<index-to>年振幅</index-to>
		</index-change>
		<index-change>
			<index-condition>_区间</index-condition>
			<index-to>区间振幅</index-to>
		</index-change>
	</index-rule>

	<index-rule>
		<index-from>股东权益合计</index-from>
		<index-change>
			<index-condition>1到100元</index-condition>
			<index-to>每股净资产bps</index-to>
		</index-change>
	</index-rule>
	<index-rule>
		<index-from>股东权益(mrq)</index-from>
		<index-change>
			<index-condition>1到100元</index-condition>
			<index-to>每股净资产bps</index-to>
		</index-change>
	</index-rule>
	<index-rule>
		<index-from>首发上市日期</index-from>
		<index-change>
			<index-condition>未来_</index-condition>
			<index-to>新股上市日期</index-to>
		</index-change>
	</index-rule>
	<index-rule>
		<index-from>市盈率(pe)</index-from>
		<index-change>
			<index-condition>预测</index-condition>
			<index-to>预测市盈率(pe,最新预测)</index-to>
		</index-change>
	</index-rule>
	<index-rule>
		<index-from>最新交易状态</index-from>
		<index-change>
			<index-condition>_最新原指标</index-condition>
			<index-to>交易状态</index-to>
		</index-change>
	</index-rule>
	<index-rule>
		<index-from>交易状态</index-from>
		<index-change>
			<index-condition>_最新</index-condition>
			<index-to>最新交易状态</index-to>
		</index-change>
	</index-rule>
	<index-rule>
		<index-from>未分配利润</index-from>
		<index-change>
			<index-condition>1-20元</index-condition>
			<index-to>每股未分配利润</index-to>
		</index-change>
	</index-rule>
	<index-rule>
		<index-from>放量</index-from>
		<index-change>
			<index-condition>_非连续型时间</index-condition>
			<index-to>阶段放量</index-to>
		</index-change>
	</index-rule>
	<index-rule>
		<index-from>缩量</index-from>
		<index-change>
			<index-condition>_非连续型时间</index-condition>
			<index-to>阶段缩量</index-to>
		</index-change>
	</index-rule>
	<index-rule>
		<index-from>平台整理</index-from>
		<index-change>
			<index-condition>_非连续型时间</index-condition>
			<index-to>阶段平台整理</index-to>
		</index-change>
	</index-rule>
	<index-rule>
		<index-from>突破平台</index-from>
		<index-change>
			<index-condition>_非连续型时间</index-condition>
			<index-to>阶段突破平台</index-to>
		</index-change>
	</index-rule>
	<index-rule>
		<index-from>资本公积金</index-from>
		<index-change>
			<index-condition>0.0001-99元</index-condition>
			<index-to>每股资本公积</index-to>
		</index-change>
	</index-rule>
	<index-rule>
		<index-from>盈余公积金</index-from>
		<index-change>
			<index-condition>0.0001-3元</index-condition>
			<index-to>每股盈余公积</index-to>
		</index-change>
	</index-rule>
	<index-rule>
		<index-from>留存收益</index-from>
		<index-change>
			<index-condition>0.0001-24元</index-condition>
			<index-to>每股留存收益</index-to>
		</index-change>
	</index-rule>
	<index-rule>
		<index-from>息税前利润ebit</index-from>
		<index-change>
			<index-condition>0.0001-13元</index-condition>
			<index-to>每股息税前利润</index-to>
		</index-change>
	</index-rule>
	<index-rule>
		<index-from>息税前利润ebit</index-from>
		<index-change>
			<index-condition>0.0001-13元</index-condition>
			<index-to>每股息税前利润</index-to>
		</index-change>
	</index-rule>
	<index-rule>
		<index-from>企业自由现金流量fcff</index-from>
		<index-change>
			<index-condition>0.0001-10元</index-condition>
			<index-to>每股企业自由现金流量</index-to>
		</index-change>
	</index-rule>
	<index-rule>
		<index-from>涨跌</index-from>
		<index-change>
			<index-condition>_周</index-condition>
			<index-to>周涨跌</index-to>
		</index-change>
		<index-change>
			<index-condition>_月</index-condition>
			<index-to>月涨跌</index-to>
		</index-change>
		<index-change>
			<index-condition>_年</index-condition>
			<index-to>年涨跌</index-to>
		</index-change>
		<index-change>
			<index-condition>_区间</index-condition>
			<index-to>区间涨跌</index-to>
		</index-change>
	</index-rule>
	<index-rule>
		<index-from>成交量</index-from>
		<index-change>
			<index-condition>_周</index-condition>
			<index-to>周成交量</index-to>
		</index-change>
		<index-change>
			<index-condition>_月</index-condition>
			<index-to>月成交量</index-to>
		</index-change>
		<index-change>
			<index-condition>_年</index-condition>
			<index-to>年成交量</index-to>
		</index-change>
		<index-change>
			<index-condition>_区间</index-condition>
			<index-to>区间成交量</index-to>
		</index-change>
	</index-rule>
	<index-rule>
		<index-from>前收盘价</index-from>
		<index-change>
			<index-condition>_周</index-condition>
			<index-to>周前收盘价</index-to>
		</index-change>
		<index-change>
			<index-condition>_月</index-condition>
			<index-to>月前收盘价</index-to>
		</index-change>
		<index-change>
			<index-condition>_年</index-condition>
			<index-to>年前收盘价</index-to>
		</index-change>
		<index-change>
			<index-condition>_区间</index-condition>
			<index-to>区间前收盘价</index-to>
		</index-change>
	</index-rule>
	<index-rule>
		<index-from>最低价</index-from>
		<index-change>
			<index-condition>_周</index-condition>
			<index-to>周最低价</index-to>
		</index-change>
		<index-change>
			<index-condition>_月</index-condition>
			<index-to>月最低价</index-to>
		</index-change>
		<index-change>
			<index-condition>_年</index-condition>
			<index-to>年最低价</index-to>
		</index-change>
		<index-change>
			<index-condition>_区间</index-condition>
			<index-to>区间最低价</index-to>
		</index-change>
	</index-rule>
	<index-rule>
		<index-from>均价</index-from>
		<index-change>
			<index-condition>_周</index-condition>
			<index-to>周均价</index-to>
		</index-change>
		<index-change>
			<index-condition>_月</index-condition>
			<index-to>月均价</index-to>
		</index-change>
		<index-change>
			<index-condition>_年</index-condition>
			<index-to>年均价</index-to>
		</index-change>
	</index-rule>
	<index-rule>
		<index-from>成交额</index-from>
		<index-change>
			<index-condition>_周</index-condition>
			<index-to>周成交额</index-to>
		</index-change>
		<index-change>
			<index-condition>_月</index-condition>
			<index-to>月成交额</index-to>
		</index-change>
		<index-change>
			<index-condition>_年</index-condition>
			<index-to>年成交额</index-to>
		</index-change>
		<index-change>
			<index-condition>_区间</index-condition>
			<index-to>区间成交额</index-to>
		</index-change>
	</index-rule>
	<index-rule>
		<index-from>振幅</index-from>
		<index-change>
			<index-condition>_周</index-condition>
			<index-to>周振幅</index-to>
		</index-change>
		<index-change>
			<index-condition>_月</index-condition>
			<index-to>月振幅</index-to>
		</index-change>
		<index-change>
			<index-condition>_年</index-condition>
			<index-to>年振幅</index-to>
		</index-change>
		<index-change>
			<index-condition>_区间</index-condition>
			<index-to>区间振幅</index-to>
		</index-change>
	</index-rule>
	<index-rule>
		<index-from>最高价</index-from>
		<index-change>
			<index-condition>_周</index-condition>
			<index-to>周最高价</index-to>
		</index-change>
		<index-change>
			<index-condition>_月</index-condition>
			<index-to>月最高价</index-to>
		</index-change>
		<index-change>
			<index-condition>_年</index-condition>
			<index-to>年最高价</index-to>
		</index-change>
		<index-change>
			<index-condition>_区间</index-condition>
			<index-to>区间最高价</index-to>
		</index-change>
	</index-rule>
	<!-- 新增 -->
	<index-rule>
		<index-from>单季度.营业利润</index-from>
		<index-change>
			<index-condition>增长_</index-condition>
			<index-to>单季度.营业利润同比增长率 </index-to>
		</index-change>
		<index-change>
			<index-condition>同比增长_</index-condition>
			<index-to>单季度.营业利润同比增长率 </index-to>
		</index-change>
		<index-change>
			<index-condition>环比增长_</index-condition>
			<index-to>单季度.营业利润环比增长率 </index-to>
		</index-change>
		<index-change>
			<index-condition>累计增长_</index-condition>
			<index-to>营业利润(n年,增长率) </index-to>
		</index-change>
	</index-rule>
	<index-rule>
		<index-from>单季度.净利润 </index-from>
		<index-change>
			<index-condition>增长_</index-condition>
			<index-to>单季度.净利润同比增长率 </index-to>
		</index-change>
		<index-change>
			<index-condition>同比增长_</index-condition>
			<index-to>单季度.净利润同比增长率 </index-to>
		</index-change>
		<index-change>
			<index-condition>环比增长_</index-condition>
			<index-to>单季度.净利润环比增长率 </index-to>
		</index-change>
		<index-change>
			<index-condition>累计增长_</index-condition>
			<index-to>净利润(n年,增长率) </index-to>
		</index-change>
	</index-rule>
	<index-rule>
		<index-from>单季度.营业收入</index-from>
		<index-change>
			<index-condition>增长_</index-condition>
			<index-to>单季度.营业收入同比增长率 </index-to>
		</index-change>
		<index-change>
			<index-condition>同比增长_</index-condition>
			<index-to>单季度.营业收入同比增长率 </index-to>
		</index-change>
		<index-change>
			<index-condition>环比增长_</index-condition>
			<index-to>单季度.营业收入环比增长率 </index-to>
		</index-change>
		<index-change>
			<index-condition>累计增长_</index-condition>
			<index-to>营业收入(n年,增长率) </index-to>
		</index-change>
	</index-rule>
	<index-rule>
		<index-from>单季度.营业总收入</index-from>
		<index-change>
			<index-condition>增长_</index-condition>
			<index-to>单季度.营业总收入同比增长率 </index-to>
		</index-change>
		<index-change>
			<index-condition>同比增长_</index-condition>
			<index-to>单季度.营业总收入同比增长率 </index-to>
		</index-change>
		<index-change>
			<index-condition>环比增长_</index-condition>
			<index-to>单季度.营业总收入环比增长率 </index-to>
		</index-change>
		<index-change>
			<index-condition>累计增长_</index-condition>
			<index-to>营业总收入(n年,增长率) </index-to>
		</index-change>
	</index-rule>
	<index-rule>
		<index-from>归属母公司股东的净利润</index-from>
		<index-change>
			<index-condition>增长_</index-condition>
			<index-to>归属母公司股东的净利润(同比增长率) </index-to>
		</index-change>
		<index-change>
			<index-condition>同比增长_</index-condition>
			<index-to>归属母公司股东的净利润(同比增长率) </index-to>
		</index-change>
		<index-change>
			<index-condition>复合增长_</index-condition>
			<index-to>归属母公司股东的净利润复合年增长率 </index-to>
		</index-change>
		<index-change>
			<index-condition>累计增长_</index-condition>
			<index-to>归属母公司股东的净利润(n年,增长率) </index-to>
		</index-change>
	</index-rule>
	<index-rule>
		<index-from>归属母公司股东的权益(mrq)</index-from>
		<index-change>
			<index-condition>累计增长_</index-condition>
			<index-to>归属母公司股东的权益(n年,增长率) </index-to>
		</index-change>
	</index-rule>
	<index-rule>
		<index-from>户均持股比例</index-from>
		<index-change>
			<index-condition>增长_</index-condition>
			<index-to>户均持股比例季度增长率 </index-to>
		</index-change>
	</index-rule>
	<index-rule>
		<index-from>户均持股数量</index-from>
		<index-change>
			<index-condition>增长_</index-condition>
			<index-to>户均持股数季度增长率 </index-to>
		</index-change>
	</index-rule>
	<index-rule>
		<index-from>价值变动净收益</index-from>
		<index-change>
			<index-condition>累计增长_</index-condition>
			<index-to>价值变动净收益(n年,增长率) </index-to>
		</index-change>
	</index-rule>
	<index-rule>
		<index-from>经营活动产生的现金流量净额</index-from>
		<index-change>
			<index-condition>增长_</index-condition>
			<index-to>经营活动产生的现金流量净额(同比增长率) </index-to>
		</index-change>
		<index-change>
			<index-condition>同比增长_</index-condition>
			<index-to>经营活动产生的现金流量净额(同比增长率) </index-to>
		</index-change>
		<index-change>
			<index-condition>累计增长_</index-condition>
			<index-to>经营活动产生的现金流量净额(n年,增长率) </index-to>
		</index-change>
	</index-rule>
	<index-rule>
		<index-from>经营活动净收益</index-from>
		<index-change>
			<index-condition>累计增长_</index-condition>
			<index-to>经营活动净收益(n年,增长率) </index-to>
		</index-change>
	</index-rule>
	<index-rule>
		<index-from>净利润</index-from>
		<index-change>
			<index-condition>增长_</index-condition>
			<index-to>净利润(同比增长率) </index-to>
		</index-change>
		<index-change>
			<index-condition>同比增长_</index-condition>
			<index-to>净利润(同比增长率) </index-to>
		</index-change>
		<index-change>
			<index-condition>环比增长_</index-condition>
			<index-to>单季度.净利润环比增长率 </index-to>
		</index-change>
		<index-change>
			<index-condition>复合增长_</index-condition>
			<index-to>净利润复合年增长率 </index-to>
		</index-change>
		<index-change>
			<index-condition>累计增长_</index-condition>
			<index-to>净利润(n年,增长率) </index-to>
		</index-change>
		<index-change>
			<index-condition>预测增长_</index-condition>
			<index-to>预测净利润增长率 </index-to>
		</index-change>
	</index-rule>
	<index-rule>
		<index-from>股东权益合计</index-from>
		<index-change>
			<index-condition>增长_</index-condition>
			<index-to>净资产(同比增长率) </index-to>
		</index-change>
		<index-change>
			<index-condition>同比增长_</index-condition>
			<index-to>净资产(同比增长率) </index-to>
		</index-change>
	</index-rule>
	<index-rule>
		<index-from>净资产收益率roe</index-from>
		<index-change>
			<index-condition>累计增长_</index-condition>
			<index-to>净资产收益率(n年,增长率) </index-to>
		</index-change>
	</index-rule>
	<index-rule>
		<index-from>净资产收益率roe(摊薄,公布值)</index-from>
		<index-change>
			<index-condition>增长_</index-condition>
			<index-to>净资产收益率(摊薄)(同比增长率) </index-to>
		</index-change>
		<index-change>
			<index-condition>同比增长_</index-condition>
			<index-to>净资产收益率(摊薄)(同比增长率) </index-to>
		</index-change>
	</index-rule>
	<index-rule>
		<index-from>利润总额</index-from>
		<index-change>
			<index-condition>增长_</index-condition>
			<index-to>利润总额(同比增长率) </index-to>
		</index-change>
		<index-change>
			<index-condition>同比增长_</index-condition>
			<index-to>利润总额(同比增长率) </index-to>
		</index-change>
		<index-change>
			<index-condition>累计增长_</index-condition>
			<index-to>利润总额(n年,增长率) </index-to>
		</index-change>
	</index-rule>
	<index-rule>
		<index-from>每股经营活动产生的现金流量净额</index-from>
		<index-change>
			<index-condition>增长_</index-condition>
			<index-to>每股经营活动产生的现金流量净额(同比增长率) </index-to>
		</index-change>
		<index-change>
			<index-condition>同比增长_</index-condition>
			<index-to>每股经营活动产生的现金流量净额(同比增长率) </index-to>
		</index-change>
	</index-rule>
	<index-rule>
		<index-from>每股净资产bps</index-from>
		<index-change>
			<index-condition>增长_</index-condition>
			<index-to>每股净资产(相对年初增长率) </index-to>
		</index-change>
	</index-rule>
	<index-rule>
		<index-from>稀释每股收益</index-from>
		<index-change>
			<index-condition>增长_</index-condition>
			<index-to>稀释每股收益(同比增长率) </index-to>
		</index-change>
		<index-change>
			<index-condition>同比增长_</index-condition>
			<index-to>稀释每股收益(同比增长率) </index-to>
		</index-change>
	</index-rule>
	<index-rule>
		<index-from>现金净流量(ttm)</index-from>
		<index-change>
			<index-condition>增长_</index-condition>
			<index-to>现金净流量(同比增长率) </index-to>
		</index-change>
		<index-change>
			<index-condition>同比增长_</index-condition>
			<index-to>现金净流量(同比增长率) </index-to>
		</index-change>
	</index-rule>
	<index-rule>
		<index-from>营业利润</index-from>
		<index-change>
			<index-condition>增长_</index-condition>
			<index-to>营业利润(同比增长率) </index-to>
		</index-change>
		<index-change>
			<index-condition>同比增长_</index-condition>
			<index-to>营业利润(同比增长率) </index-to>
		</index-change>
		<index-change>
			<index-condition>累计增长_</index-condition>
			<index-to>营业利润(n年,增长率) </index-to>
		</index-change>
	</index-rule>
	<index-rule>
		<index-from>营业收入</index-from>
		<index-change>
			<index-condition>增长_</index-condition>
			<index-to>营业收入(同比增长率) </index-to>
		</index-change>
		<index-change>
			<index-condition>同比增长_</index-condition>
			<index-to>营业收入(同比增长率) </index-to>
		</index-change>
		<index-change>
			<index-condition>累计增长_</index-condition>
			<index-to>营业收入(n年,增长率) </index-to>
		</index-change>
	</index-rule>
	<index-rule>
		<index-from>营业总成本</index-from>
		<index-change>
			<index-condition>累计增长_</index-condition>
			<index-to>营业总成本(n年,增长率) </index-to>
		</index-change>
	</index-rule>
	<index-rule>
		<index-from>营业总收入</index-from>
		<index-change>
			<index-condition>增长_</index-condition>
			<index-to>营业总收入(同比增长率) </index-to>
		</index-change>
		<index-change>
			<index-condition>同比增长_</index-condition>
			<index-to>营业总收入(同比增长率) </index-to>
		</index-change>
		<index-change>
			<index-condition>复合增长_</index-condition>
			<index-to>营业总收入复合年增长率 </index-to>
		</index-change>
		<index-change>
			<index-condition>累计增长_</index-condition>
			<index-to>营业总收入(n年,增长率) </index-to>
		</index-change>
	</index-rule>
	<index-rule>
		<index-from>营业总成本</index-from>
		<index-change>
			<index-condition>累计增长_</index-condition>
			<index-to>营业总成本(n年,增长率) </index-to>
		</index-change>
	</index-rule>
	<index-rule>
		<index-from>主营业务收入</index-from>
		<index-change>
			<index-condition>预测增长_</index-condition>
			<index-to>预测主营业务收入增长率 </index-to>
		</index-change>
	</index-rule>
	<index-rule>
		<index-from>资产总计</index-from>
		<index-change>
			<index-condition>增长_</index-condition>
			<index-to>资产总计(相对年初增长率) </index-to>
		</index-change>
		<index-change>
			<index-condition>累计增长_</index-condition>
			<index-to>资产总计(n年,增长率) </index-to>
		</index-change>
	</index-rule>
	<index-rule>
		<index-from>现金及现金等价物净增加额</index-from>
		<index-change>
			<index-condition>0.0001-99</index-condition>
			<index-to>每股现金流量净额</index-to>
		</index-change>
	</index-rule>
	<index-rule>
		<index-from>归属于母公司所有者的净利润</index-from>
		<index-change>
			<index-condition>增长_</index-condition>
			<index-to>归属母公司股东的净利润(同比增长率)</index-to>
		</index-change>
		<index-change>
			<index-condition>同比增长_</index-condition>
			<index-to>归属母公司股东的净利润(同比增长率)</index-to>
		</index-change>
		<index-change>
			<index-condition>预测增长_</index-condition>
			<index-to>预测净利润增长率</index-to>
		</index-change>
		<index-change>
			<index-condition>预告增长_</index-condition>
			<index-to>预告净利润变动幅度(%)</index-to>
		</index-change>
		<index-change>
			<index-condition>累计</index-condition>
			<index-to>归属母公司股东的净利润(n年,增长率)</index-to>
		</index-change>
		<index-change>
			<index-condition>累计_</index-condition>
			<index-to>归属母公司股东的净利润(n年,增长率)</index-to>
		</index-change>
		<index-change>
			<index-condition>累计增长_</index-condition>
			<index-to>归属母公司股东的净利润(n年,增长率)</index-to>
		</index-change>
		<index-change>
			<index-condition>环比增长_</index-condition>
			<index-to>单季度.归属母公司股东的净利润环比增长率</index-to>
		</index-change>
		<index-change>
			<index-condition>复合</index-condition>
			<index-to>归属母公司股东的净利润复合年增长率</index-to>
		</index-change>
		<index-change>
			<index-condition>复合增长_</index-condition>
			<index-to>归属母公司股东的净利润复合年增长率</index-to>
		</index-change>
		<index-change>
			<index-condition>QUARTER</index-condition>
			<index-to>单季度.归属于母公司所有者的净利润</index-to>
		</index-change>
		<index-change>
			<index-condition>0.0001到8元</index-condition>
			<index-to>每股收益eps-基本</index-to>
		</index-change>
	</index-rule>
	<index-rule>
		<index-from>每股收益eps-基本</index-from>
		<index-change>
			<index-condition>增长_</index-condition>
			<index-to>基本每股收益(同比增长率)</index-to>
		</index-change>
		<index-change>
			<index-condition>同比增长_</index-condition>
			<index-to>基本每股收益(同比增长率)</index-to>
		</index-change>
	</index-rule>
	<index-rule>
		<index-from>归属于母公司所有者权益</index-from>
		<index-change>
			<index-condition>增长_</index-condition>
			<index-to>净资产(同比增长率)</index-to>
		</index-change>
		<index-change>
			<index-condition>同比增长_</index-condition>
			<index-to>净资产(同比增长率)</index-to>
		</index-change>
	</index-rule>
	<index-rule>
        <index-from>是否分红</index-from>
        <index-change>
            <index-condition>_年</index-condition>
            <index-to>年度是否分红</index-to>
        </index-change>
    </index-rule>
    <index-rule>
        <index-from>分红明细</index-from>
        <index-change>
            <index-condition>_年</index-condition>
            <index-to>年度分红明细</index-to>
        </index-change>
    </index-rule>
	<index-rule>
		<index-from>净利润</index-from>
		<index-change>
			<index-condition>>5000元</index-condition>
			<index-to>净利润</index-to>
		</index-change>
		<index-change>
			<index-condition>-10000~3000%</index-condition>
			<index-to>净利润(同比增长率)</index-to>
		</index-change>
	</index-rule>
	<index-rule>
		<index-from>净资产收益率roe</index-from>
		<index-change>
			<index-condition>-20000~20000%</index-condition>
			<index-to>净资产收益率roe(摊薄;公布值)</index-to>
		</index-change>
	</index-rule>
	<index-rule>
		<index-from>总资产净利率roa</index-from>
		<index-change>
			<index-condition>-50~50%</index-condition>
			<index-to>总资产净利率roa</index-to>
		</index-change>
	</index-rule>
	<index-rule>
		<index-from>资产负债率</index-from>
		<index-change>
			<index-condition>-3000~10%</index-condition>
			<index-to>资产负债率</index-to>
		</index-change>
	</index-rule>
	<index-rule>
		<index-from>销售毛利率</index-from>
		<index-change>
			<index-condition>-700~200%</index-condition>
			<index-to>销售毛利率</index-to>
		</index-change>
	</index-rule>
</index-rules>
